cod_mpio,municipio,cod_dpto,departamento,tipo,latitud,longitud
05001,MEDELLÍN,05,ANTIOQUIA,Municipio,6.246631,-75.581775
05002,ABEJORRAL,05,ANTIOQUIA,Municipio,5.789315,-75.428739
05004,ABRIAQUÍ,05,ANTIOQUIA,Municipio,6.632282,-76.064304
05021,ALEJANDRÍA,05,ANTIOQUIA,Municipio,6.376061,-75.141346
05030,AMAGÁ,05,ANTIOQUIA,Municipio,6.038708,-75.702188
05031,AMALFI,05,ANTIOQUIA,Municipio,6.909655,-75.077501
05034,ANDES,05,ANTIOQUIA,Municipio,5.657194,-75.878828
05036,ANGELÓPOLIS,05,ANTIOQUIA,Municipio,6.109719,-75.711389
05038,ANGOSTURA,05,ANTIOQUIA,Municipio,6.885175,-75.335116
05040,ANORÍ,05,ANTIOQUIA,Municipio,7.074703,-75.148355
05042,SANTA FÉ DE ANTIOQUIA,05,ANTIOQUIA,Municipio,6.556484,-75.826648
05044,ANZÁ,05,ANTIOQUIA,Municipio,6.302641,-75.854442
05045,APARTADÓ,05,ANTIOQUIA,Municipio,7.882968,-76.625279
05051,ARBOLETES,05,ANTIOQUIA,Municipio,8.849317,-76.426708
05055,ARGELIA,05,ANTIOQUIA,Municipio,5.731474,-75.14107
05059,ARMENIA,05,ANTIOQUIA,Municipio,6.155667,-75.786647
05079,BARBOSA,05,ANTIOQUIA,Municipio,6.439195,-75.331627
05086,BELMIRA,05,ANTIOQUIA,Municipio,6.606319,-75.667779
05088,BELLO,05,ANTIOQUIA,Municipio,6.333587,-75.555245
05091,BETANIA,05,ANTIOQUIA,Municipio,5.74615,-75.97679
05093,BETULIA,05,ANTIOQUIA,Municipio,6.115208,-75.984452
05101,CIUDAD BOLÍVAR,05,ANTIOQUIA,Municipio,5.850273,-76.021509
05107,BRICEÑO,05,ANTIOQUIA,Municipio,7.112803,-75.55036
05113,BURITICÁ,05,ANTIOQUIA,Municipio,6.720759,-75.907
05120,CÁCERES,05,ANTIOQUIA,Municipio,7.578366,-75.35205
05125,CAICEDO,05,ANTIOQUIA,Municipio,6.405607,-75.98293
05129,CALDAS,05,ANTIOQUIA,Municipio,6.091077,-75.633673
05134,CAMPAMENTO,05,ANTIOQUIA,Municipio,6.979771,-75.298091
05138,CAÑASGORDAS,05,ANTIOQUIA,Municipio,6.753859,-76.028228
05142,CARACOLÍ,05,ANTIOQUIA,Municipio,6.409829,-74.757421
05145,CARAMANTA,05,ANTIOQUIA,Municipio,5.54853,-75.643868
05147,CAREPA,05,ANTIOQUIA,Municipio,7.755148,-76.652652
05148,EL CARMEN DE VIBORAL,05,ANTIOQUIA,Municipio,6.082885,-75.333901
05150,CAROLINA,05,ANTIOQUIA,Municipio,6.725995,-75.283192
05154,CAUCASIA,05,ANTIOQUIA,Municipio,7.977278,-75.197996
05172,CHIGORODÓ,05,ANTIOQUIA,Municipio,7.666147,-76.681531
05190,CISNEROS,05,ANTIOQUIA,Municipio,6.537829,-75.087047
05197,COCORNÁ,05,ANTIOQUIA,Municipio,6.058295,-75.185483
05206,CONCEPCIÓN,05,ANTIOQUIA,Municipio,6.394348,-75.257587
05209,CONCORDIA,05,ANTIOQUIA,Municipio,6.045738,-75.908448
05212,COPACABANA,05,ANTIOQUIA,Municipio,6.348557,-75.509384
05234,DABEIBA,05,ANTIOQUIA,Municipio,6.998112,-76.261614
05237,DONMATÍAS,05,ANTIOQUIA,Municipio,6.485603,-75.39263
05240,EBÉJICO,05,ANTIOQUIA,Municipio,6.325615,-75.766413
05250,EL BAGRE,05,ANTIOQUIA,Municipio,7.5975,-74.799097
05264,ENTRERRÍOS,05,ANTIOQUIA,Municipio,6.566273,-75.517685
05266,ENVIGADO,05,ANTIOQUIA,Municipio,6.166695,-75.582192
05282,FREDONIA,05,ANTIOQUIA,Municipio,5.928039,-75.675072
05284,FRONTINO,05,ANTIOQUIA,Municipio,6.776066,-76.130765
05306,GIRALDO,05,ANTIOQUIA,Municipio,6.680808,-75.952158
05308,GIRARDOTA,05,ANTIOQUIA,Municipio,6.379472,-75.444238
05310,GÓMEZ PLATA,05,ANTIOQUIA,Municipio,6.683269,-75.220018
05313,GRANADA,05,ANTIOQUIA,Municipio,6.142892,-75.184446
05315,GUADALUPE,05,ANTIOQUIA,Municipio,6.815069,-75.239862
05318,GUARNE,05,ANTIOQUIA,Municipio,6.27787,-75.441612
05321,GUATAPÉ,05,ANTIOQUIA,Municipio,6.232461,-75.160041
05347,HELICONIA,05,ANTIOQUIA,Municipio,6.206757,-75.734322
05353,HISPANIA,05,ANTIOQUIA,Municipio,5.799461,-75.906587
05360,ITAGÜÍ,05,ANTIOQUIA,Municipio,6.175079,-75.612056
05361,ITUANGO,05,ANTIOQUIA,Municipio,7.171629,-75.764673
05364,JARDÍN,05,ANTIOQUIA,Municipio,5.597542,-75.818982
05368,JERICÓ,05,ANTIOQUIA,Municipio,5.789748,-75.785499
05376,LA CEJA,05,ANTIOQUIA,Municipio,6.028062,-75.429433
05380,LA ESTRELLA,05,ANTIOQUIA,Municipio,6.145238,-75.637708
05390,LA PINTADA,05,ANTIOQUIA,Municipio,5.743808,-75.60781
05400,LA UNIÓN,05,ANTIOQUIA,Municipio,5.973845,-75.360874
05411,LIBORINA,05,ANTIOQUIA,Municipio,6.677316,-75.812838
05425,MACEO,05,ANTIOQUIA,Municipio,6.552116,-74.78716
05440,MARINILLA,05,ANTIOQUIA,Municipio,6.173995,-75.339345
05467,MONTEBELLO,05,ANTIOQUIA,Municipio,5.946313,-75.523455
05475,MURINDÓ,05,ANTIOQUIA,Municipio,6.97771,-76.817485
05480,MUTATÁ,05,ANTIOQUIA,Municipio,7.242875,-76.435875
05483,NARIÑO,05,ANTIOQUIA,Municipio,5.610777,-75.176262
05490,NECOCLÍ,05,ANTIOQUIA,Municipio,8.434526,-76.787271
05495,NECHÍ,05,ANTIOQUIA,Municipio,8.094129,-74.77647
05501,OLAYA,05,ANTIOQUIA,Municipio,6.626492,-75.811773
05541,PEÑOL,05,ANTIOQUIA,Municipio,6.219349,-75.242693
05543,PEQUE,05,ANTIOQUIA,Municipio,7.021029,-75.910357
05576,PUEBLORRICO,05,ANTIOQUIA,Municipio,5.79158,-75.839903
05579,PUERTO BERRÍO,05,ANTIOQUIA,Municipio,6.487028,-74.410016
05585,PUERTO NARE,05,ANTIOQUIA,Municipio,6.186025,-74.583012
05591,PUERTO TRIUNFO,05,ANTIOQUIA,Municipio,5.871318,-74.64119
05604,REMEDIOS,05,ANTIOQUIA,Municipio,7.029424,-74.698135
05607,RETIRO,05,ANTIOQUIA,Municipio,6.062454,-75.501301
05615,RIONEGRO,05,ANTIOQUIA,Municipio,6.147148,-75.377316
05628,SABANALARGA,05,ANTIOQUIA,Municipio,6.850028,-75.816645
05631,SABANETA,05,ANTIOQUIA,Municipio,6.149903,-75.615479
05642,SALGAR,05,ANTIOQUIA,Municipio,5.964198,-75.976807
05647,SAN ANDRÉS DE CUERQUÍA,05,ANTIOQUIA,Municipio,6.916676,-75.674564
05649,SAN CARLOS,05,ANTIOQUIA,Municipio,6.187746,-74.988097
05652,SAN FRANCISCO,05,ANTIOQUIA,Municipio,5.963476,-75.101562
05656,SAN JERÓNIMO,05,ANTIOQUIA,Municipio,6.44809,-75.726975
05658,SAN JOSÉ DE LA MONTAÑA,05,ANTIOQUIA,Municipio,6.85009,-75.683352
05659,SAN JUAN DE URABÁ,05,ANTIOQUIA,Municipio,8.758964,-76.52857
05660,SAN LUIS,05,ANTIOQUIA,Municipio,6.043017,-74.993619
05664,SAN PEDRO DE LOS MILAGROS,05,ANTIOQUIA,Municipio,6.46012,-75.556743
05665,SAN PEDRO DE URABÁ,05,ANTIOQUIA,Municipio,8.276884,-76.380567
05667,SAN RAFAEL,05,ANTIOQUIA,Municipio,6.293759,-75.02849
05670,SAN ROQUE,05,ANTIOQUIA,Municipio,6.485939,-75.019109
05674,SAN VICENTE FERRER,05,ANTIOQUIA,Municipio,6.282164,-75.332616
05679,SANTA BÁRBARA,05,ANTIOQUIA,Municipio,5.875527,-75.567351
05686,SANTA ROSA DE OSOS,05,ANTIOQUIA,Municipio,6.643366,-75.460723
05690,SANTO DOMINGO,05,ANTIOQUIA,Municipio,6.473032,-75.164903
05697,EL SANTUARIO,05,ANTIOQUIA,Municipio,6.136871,-75.265465
05736,SEGOVIA,05,ANTIOQUIA,Municipio,7.079648,-74.701596
05756,SONSÓN,05,ANTIOQUIA,Municipio,5.714851,-75.309596
05761,SOPETRÁN,05,ANTIOQUIA,Municipio,6.500745,-75.747378
05789,TÁMESIS,05,ANTIOQUIA,Municipio,5.664645,-75.714429
05790,TARAZÁ,05,ANTIOQUIA,Municipio,7.580127,-75.401407
05792,TARSO,05,ANTIOQUIA,Municipio,5.864542,-75.822956
05809,TITIRIBÍ,05,ANTIOQUIA,Municipio,6.062391,-75.791887
05819,TOLEDO,05,ANTIOQUIA,Municipio,7.010328,-75.692281
05837,TURBO,05,ANTIOQUIA,Municipio,8.089929,-76.728858
05842,URAMITA,05,ANTIOQUIA,Municipio,6.898393,-76.173284
05847,URRAO,05,ANTIOQUIA,Municipio,6.317343,-76.133951
05854,VALDIVIA,05,ANTIOQUIA,Municipio,7.1652,-75.439274
05856,VALPARAÍSO,05,ANTIOQUIA,Municipio,5.614555,-75.624452
05858,VEGACHÍ,05,ANTIOQUIA,Municipio,6.773525,-74.798714
05861,VENECIA,05,ANTIOQUIA,Municipio,5.964693,-75.735544
05873,VIGÍA DEL FUERTE,05,ANTIOQUIA,Municipio,6.588164,-76.896004
05885,YALÍ,05,ANTIOQUIA,Municipio,6.676554,-74.840059
05887,YARUMAL,05,ANTIOQUIA,Municipio,6.963832,-75.418828
05890,YOLOMBÓ,05,ANTIOQUIA,Municipio,6.594511,-75.013385
05893,YONDÓ,05,ANTIOQUIA,Municipio,7.00396,-73.912445
05895,ZARAGOZA,05,ANTIOQUIA,Municipio,7.488583,-74.867075
08001,BARRANQUILLA,08,ATLÁNTICO,Municipio,10.977961,-74.815546
08078,BARANOA,08,ATLÁNTICO,Municipio,10.79445,-74.916077
08137,CAMPO DE LA CRUZ,08,ATLÁNTICO,Municipio,10.378291,-74.880847
08141,CANDELARIA,08,ATLÁNTICO,Municipio,10.461903,-74.879717
08296,GALAPA,08,ATLÁNTICO,Municipio,10.919033,-74.870385
08372,JUAN DE ACOSTA,08,ATLÁNTICO,Municipio,10.83254,-75.041032
08421,LURUACO,08,ATLÁNTICO,Municipio,10.610491,-75.14199
08433,MALAMBO,08,ATLÁNTICO,Municipio,10.857086,-74.776923
08436,MANATÍ,08,ATLÁNTICO,Municipio,10.449089,-74.956867
08520,PALMAR DE VARELA,08,ATLÁNTICO,Municipio,10.738591,-74.754765
08549,PIOJÓ,08,ATLÁNTICO,Municipio,10.749216,-75.107592
08558,POLONUEVO,08,ATLÁNTICO,Municipio,10.777363,-74.852981
08560,PONEDERA,08,ATLÁNTICO,Municipio,10.641779,-74.753885
08573,PUERTO COLOMBIA,08,ATLÁNTICO,Municipio,11.015322,-74.888627
08606,REPELÓN,08,ATLÁNTICO,Municipio,10.493357,-75.125534
08634,SABANAGRANDE,08,ATLÁNTICO,Municipio,10.792453,-74.759496
08638,SABANALARGA,08,ATLÁNTICO,Municipio,10.632091,-74.921256
08675,SANTA LUCÍA,08,ATLÁNTICO,Municipio,10.324303,-74.959204
08685,SANTO TOMÁS,08,ATLÁNTICO,Municipio,10.758735,-74.757859
08758,SOLEDAD,08,ATLÁNTICO,Municipio,10.909921,-74.786054
08770,SUAN,08,ATLÁNTICO,Municipio,10.335432,-74.881687
08832,TUBARÁ,08,ATLÁNTICO,Municipio,10.873586,-74.978704
08849,USIACURÍ,08,ATLÁNTICO,Municipio,10.74298,-74.976985
11001,"BOGOTÁ, D.C.",11,"BOGOTÁ, D.C.",Municipio,4.649251,-74.106992
13001,CARTAGENA DE INDIAS,13,BOLÍVAR,Municipio,10.385126,-75.496269
13006,ACHÍ,13,BOLÍVAR,Municipio,8.570107,-74.557676
13030,ALTOS DEL ROSARIO,13,BOLÍVAR,Municipio,8.791865,-74.164905
13042,ARENAL,13,BOLÍVAR,Municipio,8.458865,-73.941099
13052,ARJONA,13,BOLÍVAR,Municipio,10.25666,-75.344332
13062,ARROYOHONDO,13,BOLÍVAR,Municipio,10.250075,-75.019215
13074,BARRANCO DE LOBA,13,BOLÍVAR,Municipio,8.947787,-74.104391
13140,CALAMAR,13,BOLÍVAR,Municipio,10.250431,-74.916144
13160,CANTAGALLO,13,BOLÍVAR,Municipio,7.378678,-73.914605
13188,CICUCO,13,BOLÍVAR,Municipio,9.274281,-74.645981
13212,CÓRDOBA,13,BOLÍVAR,Municipio,9.586942,-74.827399
13222,CLEMENCIA,13,BOLÍVAR,Municipio,10.567452,-75.328469
13244,EL CARMEN DE BOLÍVAR,13,BOLÍVAR,Municipio,9.718653,-75.121178
13248,EL GUAMO,13,BOLÍVAR,Municipio,10.030958,-74.976084
13268,EL PEÑÓN,13,BOLÍVAR,Municipio,8.988271,-73.949274
13300,HATILLO DE LOBA,13,BOLÍVAR,Municipio,8.956014,-74.077912
13430,MAGANGUÉ,13,BOLÍVAR,Municipio,9.263799,-74.766742
13433,MAHATES,13,BOLÍVAR,Municipio,10.233285,-75.191643
13440,MARGARITA,13,BOLÍVAR,Municipio,9.15784,-74.285137
13442,MARÍA LA BAJA,13,BOLÍVAR,Municipio,9.982402,-75.300516
13458,MONTECRISTO,13,BOLÍVAR,Municipio,8.297234,-74.471176
13468,SANTA CRUZ DE MOMPOX,13,BOLÍVAR,Municipio,9.244241,-74.42818
13473,MORALES,13,BOLÍVAR,Municipio,8.276558,-73.868172
13490,NOROSÍ,13,BOLÍVAR,Municipio,8.526259,-74.038003
13549,PINILLOS,13,BOLÍVAR,Municipio,8.914947,-74.462279
13580,REGIDOR,13,BOLÍVAR,Municipio,8.666258,-73.821638
13600,RÍO VIEJO,13,BOLÍVAR,Municipio,8.58795,-73.840466
13620,SAN CRISTÓBAL,13,BOLÍVAR,Municipio,10.392836,-75.065076
13647,SAN ESTANISLAO,13,BOLÍVAR,Municipio,10.398602,-75.153101
13650,SAN FERNANDO,13,BOLÍVAR,Municipio,9.214183,-74.323811
13654,SAN JACINTO,13,BOLÍVAR,Municipio,9.830275,-75.12105
13655,SAN JACINTO DEL CAUCA,13,BOLÍVAR,Municipio,8.25158,-74.721156
13657,SAN JUAN NEPOMUCENO,13,BOLÍVAR,Municipio,9.953751,-75.081761
13667,SAN MARTÍN DE LOBA,13,BOLÍVAR,Municipio,8.937485,-74.039134
13670,SAN PABLO,13,BOLÍVAR,Municipio,7.476747,-73.924602
13673,SANTA CATALINA,13,BOLÍVAR,Municipio,10.605294,-75.287855
13683,SANTA ROSA,13,BOLÍVAR,Municipio,10.444396,-75.369824
13688,SANTA ROSA DEL SUR,13,BOLÍVAR,Municipio,7.963938,-74.052243
13744,SIMITÍ,13,BOLÍVAR,Municipio,7.953916,-73.947264
13760,SOPLAVIENTO,13,BOLÍVAR,Municipio,10.38839,-75.136404
13780,TALAIGUA NUEVO,13,BOLÍVAR,Municipio,9.30403,-74.567479
13810,TIQUISIO,13,BOLÍVAR,Municipio,8.558666,-74.262922
13836,TURBACO,13,BOLÍVAR,Municipio,10.348316,-75.427249
13838,TURBANÁ,13,BOLÍVAR,Municipio,10.274585,-75.44265
13873,VILLANUEVA,13,BOLÍVAR,Municipio,10.444089,-75.275613
13894,ZAMBRANO,13,BOLÍVAR,Municipio,9.746306,-74.817879
15001,TUNJA,15,BOYACÁ,Municipio,5.53988,-73.355539
15022,ALMEIDA,15,BOYACÁ,Municipio,4.970857,-73.378933
15047,AQUITANIA,15,BOYACÁ,Municipio,5.518602,-72.88399
15051,ARCABUCO,15,BOYACÁ,Municipio,5.755673,-73.437503
15087,BELÉN,15,BOYACÁ,Municipio,5.98923,-72.911641
15090,BERBEO,15,BOYACÁ,Municipio,5.227451,-73.12721
15092,BETÉITIVA,15,BOYACÁ,Municipio,5.909978,-72.809014
15097,BOAVITA,15,BOYACÁ,Municipio,6.330703,-72.584905
15104,BOYACÁ,15,BOYACÁ,Municipio,5.454578,-73.361945
15106,BRICEÑO,15,BOYACÁ,Municipio,5.690879,-73.92326
15109,BUENAVISTA,15,BOYACÁ,Municipio,5.512594,-73.94217
15114,BUSBANZÁ,15,BOYACÁ,Municipio,5.831393,-72.884158
15131,CALDAS,15,BOYACÁ,Municipio,5.55458,-73.865553
15135,CAMPOHERMOSO,15,BOYACÁ,Municipio,5.031676,-73.104173
15162,CERINZA,15,BOYACÁ,Municipio,5.955939,-72.947918
15172,CHINAVITA,15,BOYACÁ,Municipio,5.167486,-73.368476
15176,CHIQUINQUIRÁ,15,BOYACÁ,Municipio,5.61379,-73.818745
15180,CHISCAS,15,BOYACÁ,Municipio,6.553136,-72.500957
15183,CHITA,15,BOYACÁ,Municipio,6.187083,-72.471892
15185,CHITARAQUE,15,BOYACÁ,Municipio,6.027425,-73.4471
15187,CHIVATÁ,15,BOYACÁ,Municipio,5.558949,-73.282529
15189,CIÉNEGA,15,BOYACÁ,Municipio,5.408694,-73.296049
15204,CÓMBITA,15,BOYACÁ,Municipio,5.634545,-73.323957
15212,COPER,15,BOYACÁ,Municipio,5.475074,-74.045636
15215,CORRALES,15,BOYACÁ,Municipio,5.828064,-72.844795
15218,COVARACHÍA,15,BOYACÁ,Municipio,6.500177,-72.738978
15223,CUBARÁ,15,BOYACÁ,Municipio,6.997275,-72.107939
15224,CUCAITA,15,BOYACÁ,Municipio,5.544452,-73.454338
15226,CUÍTIVA,15,BOYACÁ,Municipio,5.580367,-72.965923
15232,CHÍQUIZA,15,BOYACÁ,Municipio,5.639834,-73.449463
15236,CHIVOR,15,BOYACÁ,Municipio,4.888173,-73.368398
15238,DUITAMA,15,BOYACÁ,Municipio,5.822964,-73.03063
15244,EL COCUY,15,BOYACÁ,Municipio,6.407738,-72.444537
15248,EL ESPINO,15,BOYACÁ,Municipio,6.483027,-72.497007
15272,FIRAVITOBA,15,BOYACÁ,Municipio,5.668885,-72.993392
15276,FLORESTA,15,BOYACÁ,Municipio,5.859519,-72.918111
15293,GACHANTIVÁ,15,BOYACÁ,Municipio,5.751891,-73.549092
15296,GÁMEZA,15,BOYACÁ,Municipio,5.802333,-72.80553
15299,GARAGOA,15,BOYACÁ,Municipio,5.083234,-73.364413
15317,GUACAMAYAS,15,BOYACÁ,Municipio,6.459667,-72.500812
15322,GUATEQUE,15,BOYACÁ,Municipio,5.007321,-73.471207
15325,GUAYATÁ,15,BOYACÁ,Municipio,4.967122,-73.489698
15332,GÜICÁN DE LA SIERRA,15,BOYACÁ,Municipio,6.462864,-72.411763
15362,IZA,15,BOYACÁ,Municipio,5.611577,-72.979559
15367,JENESANO,15,BOYACÁ,Municipio,5.385813,-73.363738
15368,JERICÓ,15,BOYACÁ,Municipio,6.145735,-72.571122
15377,LABRANZAGRANDE,15,BOYACÁ,Municipio,5.562687,-72.57777
15380,LA CAPILLA,15,BOYACÁ,Municipio,5.095687,-73.444347
15401,LA VICTORIA,15,BOYACÁ,Municipio,5.523792,-74.234393
15403,LA UVITA,15,BOYACÁ,Municipio,6.31616,-72.559982
15407,VILLA DE LEYVA,15,BOYACÁ,Municipio,5.632455,-73.524948
15425,MACANAL,15,BOYACÁ,Municipio,4.972464,-73.319593
15442,MARIPÍ,15,BOYACÁ,Municipio,5.550091,-74.00405
15455,MIRAFLORES,15,BOYACÁ,Municipio,5.196515,-73.14563
15464,MONGUA,15,BOYACÁ,Municipio,5.754242,-72.79809
15466,MONGUÍ,15,BOYACÁ,Municipio,5.723486,-72.849292
15469,MONIQUIRÁ,15,BOYACÁ,Municipio,5.876331,-73.573374
15476,MOTAVITA,15,BOYACÁ,Municipio,5.5777,-73.367841
15480,MUZO,15,BOYACÁ,Municipio,5.532758,-74.10269
15491,NOBSA,15,BOYACÁ,Municipio,5.768046,-72.937042
15494,NUEVO COLÓN,15,BOYACÁ,Municipio,5.355317,-73.456759
15500,OICATÁ,15,BOYACÁ,Municipio,5.595235,-73.308399
15507,OTANCHE,15,BOYACÁ,Municipio,5.657536,-74.180965
15511,PACHAVITA,15,BOYACÁ,Municipio,5.140065,-73.396953
15514,PÁEZ,15,BOYACÁ,Municipio,5.097319,-73.052737
15516,PAIPA,15,BOYACÁ,Municipio,5.779894,-73.11782
15518,PAJARITO,15,BOYACÁ,Municipio,5.293783,-72.703231
15522,PANQUEBA,15,BOYACÁ,Municipio,6.443416,-72.459424
15531,PAUNA,15,BOYACÁ,Municipio,5.656323,-73.978449
15533,PAYA,15,BOYACÁ,Municipio,5.625699,-72.423775
15537,PAZ DE RÍO,15,BOYACÁ,Municipio,5.987645,-72.749137
15542,PESCA,15,BOYACÁ,Municipio,5.558808,-73.050872
15550,PISBA,15,BOYACÁ,Municipio,5.72141,-72.486023
15572,PUERTO BOYACÁ,15,BOYACÁ,Municipio,5.976646,-74.587782
15580,QUÍPAMA,15,BOYACÁ,Municipio,5.52055,-74.180033
15599,RAMIRIQUÍ,15,BOYACÁ,Municipio,5.400303,-73.334839
15600,RÁQUIRA,15,BOYACÁ,Municipio,5.539136,-73.632543
15621,RONDÓN,15,BOYACÁ,Municipio,5.357378,-73.208474
15632,SABOYÁ,15,BOYACÁ,Municipio,5.697756,-73.764456
15638,SÁCHICA,15,BOYACÁ,Municipio,5.584305,-73.542539
15646,SAMACÁ,15,BOYACÁ,Municipio,5.492161,-73.485589
15660,SAN EDUARDO,15,BOYACÁ,Municipio,5.22401,-73.077747
15664,SAN JOSÉ DE PARE,15,BOYACÁ,Municipio,6.018924,-73.545397
15667,SAN LUIS DE GACENO,15,BOYACÁ,Municipio,4.81976,-73.168076
15673,SAN MATEO,15,BOYACÁ,Municipio,6.401683,-72.555264
15676,SAN MIGUEL DE SEMA,15,BOYACÁ,Municipio,5.518083,-73.722009
15681,SAN PABLO DE BORBUR,15,BOYACÁ,Municipio,5.650743,-74.069963
15686,SANTANA,15,BOYACÁ,Municipio,6.056866,-73.481639
15690,SANTA MARÍA,15,BOYACÁ,Municipio,4.857193,-73.263518
15693,SANTA ROSA DE VITERBO,15,BOYACÁ,Municipio,5.874547,-72.982461
15696,SANTA SOFÍA,15,BOYACÁ,Municipio,5.713269,-73.602707
15720,SATIVANORTE,15,BOYACÁ,Municipio,6.131132,-72.708458
15723,SATIVASUR,15,BOYACÁ,Municipio,6.093183,-72.712435
15740,SIACHOQUE,15,BOYACÁ,Municipio,5.511811,-73.24466
15753,SOATÁ,15,BOYACÁ,Municipio,6.331945,-72.684051
15755,SOCOTÁ,15,BOYACÁ,Municipio,6.041162,-72.636653
15757,SOCHA,15,BOYACÁ,Municipio,5.996717,-72.691963
15759,SOGAMOSO,15,BOYACÁ,Municipio,5.723976,-72.924355
15761,SOMONDOCO,15,BOYACÁ,Municipio,4.985726,-73.433393
15762,SORA,15,BOYACÁ,Municipio,5.56684,-73.450153
15763,SOTAQUIRÁ,15,BOYACÁ,Municipio,5.764986,-73.246585
15764,SORACÁ,15,BOYACÁ,Municipio,5.500898,-73.332804
15774,SUSACÓN,15,BOYACÁ,Municipio,6.230332,-72.690289
15776,SUTAMARCHÁN,15,BOYACÁ,Municipio,5.619781,-73.620536
15778,SUTATENZA,15,BOYACÁ,Municipio,5.022989,-73.452317
15790,TASCO,15,BOYACÁ,Municipio,5.909821,-72.781011
15798,TENZA,15,BOYACÁ,Municipio,5.076781,-73.421176
15804,TIBANÁ,15,BOYACÁ,Municipio,5.317251,-73.396457
15806,TIBASOSA,15,BOYACÁ,Municipio,5.74723,-72.999449
15808,TINJACÁ,15,BOYACÁ,Municipio,5.579713,-73.646847
15810,TIPACOQUE,15,BOYACÁ,Municipio,6.419203,-72.691729
15814,TOCA,15,BOYACÁ,Municipio,5.566464,-73.184794
15816,TOGÜÍ,15,BOYACÁ,Municipio,5.937438,-73.513655
15820,TÓPAGA,15,BOYACÁ,Municipio,5.768201,-72.832245
15822,TOTA,15,BOYACÁ,Municipio,5.560497,-72.985898
15832,TUNUNGUÁ,15,BOYACÁ,Municipio,5.730582,-73.933155
15835,TURMEQUÉ,15,BOYACÁ,Municipio,5.323261,-73.491825
15837,TUTA,15,BOYACÁ,Municipio,5.689082,-73.230285
15839,TUTAZÁ,15,BOYACÁ,Municipio,6.032608,-72.856035
15842,ÚMBITA,15,BOYACÁ,Municipio,5.221176,-73.456917
15861,VENTAQUEMADA,15,BOYACÁ,Municipio,5.368739,-73.522368
15879,VIRACACHÁ,15,BOYACÁ,Municipio,5.436833,-73.296894
15897,ZETAQUIRA,15,BOYACÁ,Municipio,5.283443,-73.17098
17001,MANIZALES,17,CALDAS,Municipio,5.057657,-75.491025
17013,AGUADAS,17,CALDAS,Municipio,5.610244,-75.45487
17042,ANSERMA,17,CALDAS,Municipio,5.236471,-75.784343
17050,ARANZAZU,17,CALDAS,Municipio,5.271195,-75.49129
17088,BELALCÁZAR,17,CALDAS,Municipio,4.993785,-75.811918
17174,CHINCHINÁ,17,CALDAS,Municipio,4.985227,-75.607529
17272,FILADELFIA,17,CALDAS,Municipio,5.297091,-75.562474
17380,LA DORADA,17,CALDAS,Municipio,5.460834,-74.668819
17388,LA MERCED,17,CALDAS,Municipio,5.39647,-75.546486
17433,MANZANARES,17,CALDAS,Municipio,5.255699,-75.152829
17442,MARMATO,17,CALDAS,Municipio,5.47422,-75.600049
17444,MARQUETALIA,17,CALDAS,Municipio,5.297525,-75.053097
17446,MARULANDA,17,CALDAS,Municipio,5.284304,-75.259721
17486,NEIRA,17,CALDAS,Municipio,5.166895,-75.520006
17495,NORCASIA,17,CALDAS,Municipio,5.574796,-74.889543
17513,PÁCORA,17,CALDAS,Municipio,5.527172,-75.459621
17524,PALESTINA,17,CALDAS,Municipio,5.017879,-75.624577
17541,PENSILVANIA,17,CALDAS,Municipio,5.383281,-75.160299
17614,RIOSUCIO,17,CALDAS,Municipio,5.423673,-75.702104
17616,RISARALDA,17,CALDAS,Municipio,5.164509,-75.76722
17653,SALAMINA,17,CALDAS,Municipio,5.403025,-75.487223
17662,SAMANÁ,17,CALDAS,Municipio,5.41308,-74.992263
17665,SAN JOSÉ,17,CALDAS,Municipio,5.08231,-75.792063
17777,SUPÍA,17,CALDAS,Municipio,5.446843,-75.64966
17867,VICTORIA,17,CALDAS,Municipio,5.317437,-74.911239
17873,VILLAMARÍA,17,CALDAS,Municipio,5.038925,-75.502487
17877,VITERBO,17,CALDAS,Municipio,5.062664,-75.87061
18001,FLORENCIA,18,CAQUETÁ,Municipio,1.618196,-75.609831
18029,ALBANIA,18,CAQUETÁ,Municipio,1.328526,-75.878375
18094,BELÉN DE LOS ANDAQUÍES,18,CAQUETÁ,Municipio,1.415812,-75.872405
18150,CARTAGENA DEL CHAIRÁ,18,CAQUETÁ,Municipio,1.332371,-74.847867
18205,CURILLO,18,CAQUETÁ,Municipio,1.033473,-75.919205
18247,EL DONCELLO,18,CAQUETÁ,Municipio,1.679951,-75.283631
18256,EL PAUJÍL,18,CAQUETÁ,Municipio,1.570226,-75.326093
18410,LA MONTAÑITA,18,CAQUETÁ,Municipio,1.479173,-75.436408
18460,MILÁN,18,CAQUETÁ,Municipio,1.29021,-75.506926
18479,MORELIA,18,CAQUETÁ,Municipio,1.486611,-75.724146
18592,PUERTO RICO,18,CAQUETÁ,Municipio,1.909063,-75.157604
18610,SAN JOSÉ DEL FRAGUA,18,CAQUETÁ,Municipio,1.330266,-75.973796
18753,SAN VICENTE DEL CAGUÁN,18,CAQUETÁ,Municipio,2.119413,-74.767894
18756,SOLANO,18,CAQUETÁ,Municipio,0.699077,-75.253702
18785,SOLITA,18,CAQUETÁ,Municipio,0.87654,-75.619902
18860,VALPARAÍSO,18,CAQUETÁ,Municipio,1.194619,-75.70671
19001,POPAYÁN,19,CAUCA,Municipio,2.459641,-76.599377
19022,ALMAGUER,19,CAUCA,Municipio,1.913429,-76.85607
19050,ARGELIA,19,CAUCA,Municipio,2.257427,-77.24905
19075,BALBOA,19,CAUCA,Municipio,2.040998,-77.215773
19100,BOLÍVAR,19,CAUCA,Municipio,1.837538,-76.966215
19110,BUENOS AIRES,19,CAUCA,Municipio,3.015382,-76.642238
19130,CAJIBÍO,19,CAUCA,Municipio,2.623371,-76.570682
19137,CALDONO,19,CAUCA,Municipio,2.798059,-76.484319
19142,CALOTO,19,CAUCA,Municipio,3.034531,-76.408941
19212,CORINTO,19,CAUCA,Municipio,3.173854,-76.261866
19256,EL TAMBO,19,CAUCA,Municipio,2.451409,-76.810911
19290,FLORENCIA,19,CAUCA,Municipio,1.682535,-77.072547
19300,GUACHENÉ,19,CAUCA,Municipio,3.134153,-76.392189
19318,GUAPI,19,CAUCA,Municipio,2.571337,-77.88797
19355,INZÁ,19,CAUCA,Municipio,2.549183,-76.063503
19364,JAMBALÓ,19,CAUCA,Municipio,2.777834,-76.323877
19392,LA SIERRA,19,CAUCA,Municipio,2.179383,-76.763278
19397,LA VEGA,19,CAUCA,Municipio,2.001803,-76.778771
19418,LÓPEZ DE MICAY,19,CAUCA,Municipio,2.846788,-77.247803
19450,MERCADERES,19,CAUCA,Municipio,1.789193,-77.164319
19455,MIRANDA,19,CAUCA,Municipio,3.254651,-76.228722
19473,MORALES,19,CAUCA,Municipio,2.754684,-76.629106
19513,PADILLA,19,CAUCA,Municipio,3.220984,-76.313265
19517,PÁEZ,19,CAUCA,Municipio,2.645724,-75.970685
19532,PATÍA,19,CAUCA,Municipio,2.115875,-76.981075
19533,PIAMONTE,19,CAUCA,Municipio,1.11754,-76.327588
19548,PIENDAMÓ - TUNÍA,19,CAUCA,Municipio,2.64228,-76.528615
19573,PUERTO TEJADA,19,CAUCA,Municipio,3.233254,-76.417673
19585,PURACÉ,19,CAUCA,Municipio,2.341507,-76.496698
19622,ROSAS,19,CAUCA,Municipio,2.260941,-76.740336
19693,SAN SEBASTIÁN,19,CAUCA,Municipio,1.838451,-76.769467
19698,SANTANDER DE QUILICHAO,19,CAUCA,Municipio,3.015008,-76.485141
19701,SANTA ROSA,19,CAUCA,Municipio,1.700916,-76.573252
19743,SILVIA,19,CAUCA,Municipio,2.611927,-76.379753
19760,SOTARÁ - PAISPAMBA,19,CAUCA,Municipio,2.253156,-76.613365
19780,SUÁREZ,19,CAUCA,Municipio,2.959785,-76.69357
19785,SUCRE,19,CAUCA,Municipio,2.038237,-76.926279
19807,TIMBÍO,19,CAUCA,Municipio,2.349686,-76.684476
19809,TIMBIQUÍ,19,CAUCA,Municipio,2.777312,-77.667541
19821,TORIBÍO,19,CAUCA,Municipio,2.953017,-76.270284
19824,TOTORÓ,19,CAUCA,Municipio,2.510252,-76.403628
19845,VILLA RICA,19,CAUCA,Municipio,3.17762,-76.458025
20001,VALLEDUPAR,20,CESAR,Municipio,10.460472,-73.259398
20011,AGUACHICA,20,CESAR,Municipio,8.306811,-73.614027
20013,AGUSTÍN CODAZZI,20,CESAR,Municipio,10.040454,-73.238389
20032,ASTREA,20,CESAR,Municipio,9.498062,-73.975842
20045,BECERRIL,20,CESAR,Municipio,9.704404,-73.278707
20060,BOSCONIA,20,CESAR,Municipio,9.975098,-73.888761
20175,CHIMICHAGUA,20,CESAR,Municipio,9.25875,-73.813278
20178,CHIRIGUANÁ,20,CESAR,Municipio,9.361058,-73.599913
20228,CURUMANÍ,20,CESAR,Municipio,9.201716,-73.540843
20238,EL COPEY,20,CESAR,Municipio,10.149883,-73.962703
20250,EL PASO,20,CESAR,Municipio,9.668461,-73.742012
20295,GAMARRA,20,CESAR,Municipio,8.324793,-73.737558
20310,GONZÁLEZ,20,CESAR,Municipio,8.389604,-73.38004
20383,LA GLORIA,20,CESAR,Municipio,8.619298,-73.80321
20400,LA JAGUA DE IBIRICO,20,CESAR,Municipio,9.563752,-73.334143
20443,MANAURE BALCÓN DEL CESAR,20,CESAR,Municipio,10.390776,-73.029472
20517,PAILITAS,20,CESAR,Municipio,8.959399,-73.625825
20550,PELAYA,20,CESAR,Municipio,8.689451,-73.666735
20570,PUEBLO BELLO,20,CESAR,Municipio,10.417321,-73.586211
20614,RÍO DE ORO,20,CESAR,Municipio,8.292292,-73.386393
20621,LA PAZ,20,CESAR,Municipio,10.387552,-73.171365
20710,SAN ALBERTO,20,CESAR,Municipio,7.76111,-73.393889
20750,SAN DIEGO,20,CESAR,Municipio,10.333039,-73.181208
20770,SAN MARTÍN,20,CESAR,Municipio,7.999855,-73.510914
20787,TAMALAMEQUE,20,CESAR,Municipio,8.861725,-73.812172
23001,MONTERÍA,23,CÓRDOBA,Municipio,8.759789,-75.873096
23068,AYAPEL,23,CÓRDOBA,Municipio,8.313838,-75.146048
23079,BUENAVISTA,23,CÓRDOBA,Municipio,8.221187,-75.480897
23090,CANALETE,23,CÓRDOBA,Municipio,8.786939,-76.241476
23162,CERETÉ,23,CÓRDOBA,Municipio,8.888532,-75.796093
23168,CHIMÁ,23,CÓRDOBA,Municipio,9.149698,-75.626886
23182,CHINÚ,23,CÓRDOBA,Municipio,9.105473,-75.399633
23189,CIÉNAGA DE ORO,23,CÓRDOBA,Municipio,8.875794,-75.620807
23300,COTORRA,23,CÓRDOBA,Municipio,9.037163,-75.799216
23350,LA APARTADA,23,CÓRDOBA,Municipio,8.050125,-75.336031
23417,LORICA,23,CÓRDOBA,Municipio,9.240789,-75.816084
23419,LOS CÓRDOBAS,23,CÓRDOBA,Municipio,8.892098,-76.35518
23464,MOMIL,23,CÓRDOBA,Municipio,9.240707,-75.67796
23466,MONTELÍBANO,23,CÓRDOBA,Municipio,7.973777,-75.416818
23500,MOÑITOS,23,CÓRDOBA,Municipio,9.245223,-76.1291
23555,PLANETA RICA,23,CÓRDOBA,Municipio,8.4082,-75.583241
23570,PUEBLO NUEVO,23,CÓRDOBA,Municipio,8.504099,-75.508035
23574,PUERTO ESCONDIDO,23,CÓRDOBA,Municipio,9.005372,-76.260411
23580,PUERTO LIBERTADOR,23,CÓRDOBA,Municipio,7.888859,-75.671761
23586,PURÍSIMA DE LA CONCEPCIÓN,23,CÓRDOBA,Municipio,9.239295,-75.724987
23660,SAHAGÚN,23,CÓRDOBA,Municipio,8.943048,-75.445834
23670,SAN ANDRÉS DE SOTAVENTO,23,CÓRDOBA,Municipio,9.145448,-75.50879
23672,SAN ANTERO,23,CÓRDOBA,Municipio,9.376434,-75.76112
23675,SAN BERNARDO DEL VIENTO,23,CÓRDOBA,Municipio,9.35247,-75.955107
23678,SAN CARLOS,23,CÓRDOBA,Municipio,8.799282,-75.698799
23682,SAN JOSÉ DE URÉ,23,CÓRDOBA,Municipio,7.787303,-75.533476
23686,SAN PELAYO,23,CÓRDOBA,Municipio,8.958436,-75.835615
23807,TIERRALTA,23,CÓRDOBA,Municipio,8.170612,-76.059797
23815,TUCHÍN,23,CÓRDOBA,Municipio,9.186625,-75.553962
23855,VALENCIA,23,CÓRDOBA,Municipio,8.255016,-76.150756
25001,AGUA DE DIOS,25,CUNDINAMARCA,Municipio,4.375309,-74.669221
25019,ALBÁN,25,CUNDINAMARCA,Municipio,4.878022,-74.438261
25035,ANAPOIMA,25,CUNDINAMARCA,Municipio,4.562737,-74.528676
25040,ANOLAIMA,25,CUNDINAMARCA,Municipio,4.7617,-74.46384
25053,ARBELÁEZ,25,CUNDINAMARCA,Municipio,4.272534,-74.414901
25086,BELTRÁN,25,CUNDINAMARCA,Municipio,4.802832,-74.741666
25095,BITUIMA,25,CUNDINAMARCA,Municipio,4.872171,-74.539609
25099,BOJACÁ,25,CUNDINAMARCA,Municipio,4.737205,-74.344594
25120,CABRERA,25,CUNDINAMARCA,Municipio,3.985164,-74.484549
25123,CACHIPAY,25,CUNDINAMARCA,Municipio,4.730957,-74.435711
25126,CAJICÁ,25,CUNDINAMARCA,Municipio,4.920009,-74.02298
25148,CAPARRAPÍ,25,CUNDINAMARCA,Municipio,5.34758,-74.491045
25151,CÁQUEZA,25,CUNDINAMARCA,Municipio,4.404112,-73.946473
25154,CARMEN DE CARUPA,25,CUNDINAMARCA,Municipio,5.349119,-73.901357
25168,CHAGUANÍ,25,CUNDINAMARCA,Municipio,4.948916,-74.593455
25175,CHÍA,25,CUNDINAMARCA,Municipio,4.866508,-74.05
25178,CHIPAQUE,25,CUNDINAMARCA,Municipio,4.442671,-74.044876
25181,CHOACHÍ,25,CUNDINAMARCA,Municipio,4.527048,-73.922894
25183,CHOCONTÁ,25,CUNDINAMARCA,Municipio,5.145224,-73.683533
25200,COGUA,25,CUNDINAMARCA,Municipio,5.061842,-73.978497
25214,COTA,25,CUNDINAMARCA,Municipio,4.812564,-74.102569
25224,CUCUNUBÁ,25,CUNDINAMARCA,Municipio,5.249795,-73.766113
25245,EL COLEGIO,25,CUNDINAMARCA,Municipio,4.577951,-74.442261
25258,EL PEÑÓN,25,CUNDINAMARCA,Municipio,5.248747,-74.290207
25260,EL ROSAL,25,CUNDINAMARCA,Municipio,4.850589,-74.263103
25269,FACATATIVÁ,25,CUNDINAMARCA,Municipio,4.813353,-74.350085
25279,FÓMEQUE,25,CUNDINAMARCA,Municipio,4.485474,-73.892523
25281,FOSCA,25,CUNDINAMARCA,Municipio,4.339093,-73.93902
25286,FUNZA,25,CUNDINAMARCA,Municipio,4.710412,-74.201528
25288,FÚQUENE,25,CUNDINAMARCA,Municipio,5.403997,-73.795855
25290,FUSAGASUGÁ,25,CUNDINAMARCA,Municipio,4.336723,-74.37543
25293,GACHALÁ,25,CUNDINAMARCA,Municipio,4.693579,-73.520161
25295,GACHANCIPÁ,25,CUNDINAMARCA,Municipio,4.990947,-73.873464
25297,GACHETÁ,25,CUNDINAMARCA,Municipio,4.816411,-73.636377
25299,GAMA,25,CUNDINAMARCA,Municipio,4.763325,-73.611037
25307,GIRARDOT,25,CUNDINAMARCA,Municipio,4.313069,-74.798201
25312,GRANADA,25,CUNDINAMARCA,Municipio,4.519763,-74.350766
25317,GUACHETÁ,25,CUNDINAMARCA,Municipio,5.383378,-73.686972
25320,GUADUAS,25,CUNDINAMARCA,Municipio,5.072076,-74.603402
25322,GUASCA,25,CUNDINAMARCA,Municipio,4.866719,-73.877143
25324,GUATAQUÍ,25,CUNDINAMARCA,Municipio,4.517517,-74.790058
25326,GUATAVITA,25,CUNDINAMARCA,Municipio,4.935211,-73.83293
25328,GUAYABAL DE SÍQUIMA,25,CUNDINAMARCA,Municipio,4.877968,-74.467437
25335,GUAYABETAL,25,CUNDINAMARCA,Municipio,4.215306,-73.815107
25339,GUTIÉRREZ,25,CUNDINAMARCA,Municipio,4.254679,-74.003042
25368,JERUSALÉN,25,CUNDINAMARCA,Municipio,4.562273,-74.695474
25372,JUNÍN,25,CUNDINAMARCA,Municipio,4.79057,-73.662961
25377,LA CALERA,25,CUNDINAMARCA,Municipio,4.721104,-73.968161
25386,LA MESA,25,CUNDINAMARCA,Municipio,4.631028,-74.461588
25394,LA PALMA,25,CUNDINAMARCA,Municipio,5.358816,-74.391022
25398,LA PEÑA,25,CUNDINAMARCA,Municipio,5.198945,-74.394105
25402,LA VEGA,25,CUNDINAMARCA,Municipio,4.997768,-74.336885
25407,LENGUAZAQUE,25,CUNDINAMARCA,Municipio,5.306131,-73.711512
25426,MACHETÁ,25,CUNDINAMARCA,Municipio,5.08007,-73.608226
25430,MADRID,25,CUNDINAMARCA,Municipio,4.732791,-74.265854
25436,MANTA,25,CUNDINAMARCA,Municipio,5.009008,-73.540444
25438,MEDINA,25,CUNDINAMARCA,Municipio,4.506298,-73.348449
25473,MOSQUERA,25,CUNDINAMARCA,Municipio,4.70653,-74.221154
25483,NARIÑO,25,CUNDINAMARCA,Municipio,4.399837,-74.824732
25486,NEMOCÓN,25,CUNDINAMARCA,Municipio,5.068705,-73.877888
25488,NILO,25,CUNDINAMARCA,Municipio,4.305838,-74.620009
25489,NIMAIMA,25,CUNDINAMARCA,Municipio,5.125992,-74.38604
25491,NOCAIMA,25,CUNDINAMARCA,Municipio,5.069466,-74.379093
25506,VENECIA,25,CUNDINAMARCA,Municipio,4.089056,-74.478301
25513,PACHO,25,CUNDINAMARCA,Municipio,5.136907,-74.156132
25518,PAIME,25,CUNDINAMARCA,Municipio,5.370487,-74.152213
25524,PANDI,25,CUNDINAMARCA,Municipio,4.190393,-74.486641
25530,PARATEBUENO,25,CUNDINAMARCA,Municipio,4.374832,-73.212825
25535,PASCA,25,CUNDINAMARCA,Municipio,4.308979,-74.302276
25572,PUERTO SALGAR,25,CUNDINAMARCA,Municipio,5.465413,-74.653695
25580,PULÍ,25,CUNDINAMARCA,Municipio,4.682022,-74.71438
25592,QUEBRADANEGRA,25,CUNDINAMARCA,Municipio,5.118076,-74.48014
25594,QUETAME,25,CUNDINAMARCA,Municipio,4.329884,-73.863214
25596,QUIPILE,25,CUNDINAMARCA,Municipio,4.74481,-74.533705
25599,APULO,25,CUNDINAMARCA,Municipio,4.520304,-74.593926
25612,RICAURTE,25,CUNDINAMARCA,Municipio,4.282113,-74.772861
25645,SAN ANTONIO DEL TEQUENDAMA,25,CUNDINAMARCA,Municipio,4.616138,-74.351443
25649,SAN BERNARDO,25,CUNDINAMARCA,Municipio,4.179433,-74.42296
25653,SAN CAYETANO,25,CUNDINAMARCA,Municipio,5.332938,-74.024754
25658,SAN FRANCISCO,25,CUNDINAMARCA,Municipio,4.972917,-74.289672
25662,SAN JUAN DE RIOSECO,25,CUNDINAMARCA,Municipio,4.847575,-74.621919
25718,SASAIMA,25,CUNDINAMARCA,Municipio,4.962167,-74.432628
25736,SESQUILÉ,25,CUNDINAMARCA,Municipio,5.04476,-73.796099
25740,SIBATÉ,25,CUNDINAMARCA,Municipio,4.492625,-74.257874
25743,SILVANIA,25,CUNDINAMARCA,Municipio,4.381981,-74.405534
25745,SIMIJACA,25,CUNDINAMARCA,Municipio,5.505231,-73.850703
25754,SOACHA,25,CUNDINAMARCA,Municipio,4.579268,-74.215463
25758,SOPÓ,25,CUNDINAMARCA,Municipio,4.915395,-73.943328
25769,SUBACHOQUE,25,CUNDINAMARCA,Municipio,4.929118,-74.172773
25772,SUESCA,25,CUNDINAMARCA,Municipio,5.103495,-73.798227
25777,SUPATÁ,25,CUNDINAMARCA,Municipio,5.06162,-74.235403
25779,SUSA,25,CUNDINAMARCA,Municipio,5.455291,-73.813938
25781,SUTATAUSA,25,CUNDINAMARCA,Municipio,5.247482,-73.853159
25785,TABIO,25,CUNDINAMARCA,Municipio,4.916832,-74.096461
25793,TAUSA,25,CUNDINAMARCA,Municipio,5.196333,-73.887813
25797,TENA,25,CUNDINAMARCA,Municipio,4.655286,-74.389193
25799,TENJO,25,CUNDINAMARCA,Municipio,4.872014,-74.143724
25805,TIBACUY,25,CUNDINAMARCA,Municipio,4.348605,-74.452662
25807,TIBIRITA,25,CUNDINAMARCA,Municipio,5.052278,-73.504514
25815,TOCAIMA,25,CUNDINAMARCA,Municipio,4.459279,-74.636296
25817,TOCANCIPÁ,25,CUNDINAMARCA,Municipio,4.964641,-73.91207
25823,TOPAIPÍ,25,CUNDINAMARCA,Municipio,5.336224,-74.300626
25839,UBALÁ,25,CUNDINAMARCA,Municipio,4.74762,-73.531489
25841,UBAQUE,25,CUNDINAMARCA,Municipio,4.483788,-73.933477
25843,VILLA DE SAN DIEGO DE UBATÉ,25,CUNDINAMARCA,Municipio,5.307463,-73.814367
25845,UNE,25,CUNDINAMARCA,Municipio,4.40245,-74.025183
25851,ÚTICA,25,CUNDINAMARCA,Municipio,5.19055,-74.483154
25862,VERGARA,25,CUNDINAMARCA,Municipio,5.117258,-74.346163
25867,VIANÍ,25,CUNDINAMARCA,Municipio,4.875208,-74.56132
25871,VILLAGÓMEZ,25,CUNDINAMARCA,Municipio,5.273024,-74.195145
25873,VILLAPINZÓN,25,CUNDINAMARCA,Municipio,5.216393,-73.595704
25875,VILLETA,25,CUNDINAMARCA,Municipio,5.012754,-74.469686
25878,VIOTÁ,25,CUNDINAMARCA,Municipio,4.43935,-74.523131
25885,YACOPÍ,25,CUNDINAMARCA,Municipio,5.459272,-74.33806
25898,ZIPACÓN,25,CUNDINAMARCA,Municipio,4.759932,-74.379566
25899,ZIPAQUIRÁ,25,CUNDINAMARCA,Municipio,5.025477,-73.994444
27001,QUIBDÓ,27,CHOCÓ,Municipio,5.682166,-76.638144
27006,ACANDÍ,27,CHOCÓ,Municipio,8.512178,-77.279951
27025,ALTO BAUDÓ,27,CHOCÓ,Municipio,5.516221,-76.974373
27050,ATRATO,27,CHOCÓ,Municipio,5.531419,-76.635674
27073,BAGADÓ,27,CHOCÓ,Municipio,5.409681,-76.416063
27075,BAHÍA SOLANO,27,CHOCÓ,Municipio,6.222807,-77.401359
27077,BAJO BAUDÓ,27,CHOCÓ,Municipio,4.954576,-77.365717
27099,BOJAYÁ,27,CHOCÓ,Municipio,6.559708,-76.886773
27135,EL CANTÓN DEL SAN PABLO,27,CHOCÓ,Municipio,5.335321,-76.726844
27150,CARMEN DEL DARIÉN,27,CHOCÓ,Municipio,7.158294,-76.970798
27160,CÉRTEGUI,27,CHOCÓ,Municipio,5.371373,-76.607619
27205,CONDOTO,27,CHOCÓ,Municipio,5.091003,-76.650683
27245,EL CARMEN DE ATRATO,27,CHOCÓ,Municipio,5.899789,-76.142112
27250,EL LITORAL DEL SAN JUAN,27,CHOCÓ,Municipio,4.259564,-77.363702
27361,ISTMINA,27,CHOCÓ,Municipio,5.153946,-76.68518
27372,JURADÓ,27,CHOCÓ,Municipio,7.103619,-77.762751
27413,LLORÓ,27,CHOCÓ,Municipio,5.49789,-76.545147
27425,MEDIO ATRATO,27,CHOCÓ,Municipio,5.994935,-76.783042
27430,MEDIO BAUDÓ,27,CHOCÓ,Municipio,5.192471,-76.950891
27450,MEDIO SAN JUAN,27,CHOCÓ,Municipio,5.098291,-76.694409
27491,NÓVITA,27,CHOCÓ,Municipio,4.956063,-76.609467
27493,NUEVO BELÉN DE BAJIRÁ,27,CHOCÓ,Municipio,7.3719,-76.71727
27495,NUQUÍ,27,CHOCÓ,Municipio,5.709812,-77.265507
27580,RÍO IRÓ,27,CHOCÓ,Municipio,5.1863,-76.472925
27600,RÍO QUITO,27,CHOCÓ,Municipio,5.483667,-76.740684
27615,RIOSUCIO,27,CHOCÓ,Municipio,7.436704,-77.113156
27660,SAN JOSÉ DEL PALMAR,27,CHOCÓ,Municipio,4.896954,-76.234227
27745,SIPÍ,27,CHOCÓ,Municipio,4.65262,-76.643453
27787,TADÓ,27,CHOCÓ,Municipio,5.264873,-76.558571
27800,UNGUÍA,27,CHOCÓ,Municipio,8.04406,-77.092538
27810,UNIÓN PANAMERICANA,27,CHOCÓ,Municipio,5.281108,-76.630143
41001,NEIVA,41,HUILA,Municipio,2.935432,-75.277327
41006,ACEVEDO,41,HUILA,Municipio,1.805173,-75.888706
41013,AGRADO,41,HUILA,Municipio,2.25987,-75.772022
41016,AIPE,41,HUILA,Municipio,3.223996,-75.239017
41020,ALGECIRAS,41,HUILA,Municipio,2.521674,-75.315389
41026,ALTAMIRA,41,HUILA,Municipio,2.063841,-75.788471
41078,BARAYA,41,HUILA,Municipio,3.152204,-75.054843
41132,CAMPOALEGRE,41,HUILA,Municipio,2.686767,-75.325748
41206,COLOMBIA,41,HUILA,Municipio,3.376745,-74.802815
41244,ELÍAS,41,HUILA,Municipio,2.012854,-75.938301
41298,GARZÓN,41,HUILA,Municipio,2.196493,-75.627057
41306,GIGANTE,41,HUILA,Municipio,2.384031,-75.547681
41319,GUADALUPE,41,HUILA,Municipio,2.02426,-75.757185
41349,HOBO,41,HUILA,Municipio,2.580812,-75.447697
41357,ÍQUIRA,41,HUILA,Municipio,2.649359,-75.634497
41359,ISNOS,41,HUILA,Municipio,1.929467,-76.217637
41378,LA ARGENTINA,41,HUILA,Municipio,2.198496,-75.979763
41396,LA PLATA,41,HUILA,Municipio,2.389263,-75.891254
41483,NÁTAGA,41,HUILA,Municipio,2.5451,-75.808756
41503,OPORAPA,41,HUILA,Municipio,2.025088,-75.995165
41518,PAICOL,41,HUILA,Municipio,2.449651,-75.773158
41524,PALERMO,41,HUILA,Municipio,2.889649,-75.435296
41530,PALESTINA,41,HUILA,Municipio,1.723725,-76.133251
41548,PITAL,41,HUILA,Municipio,2.266618,-75.804544
41551,PITALITO,41,HUILA,Municipio,1.852631,-76.049441
41615,RIVERA,41,HUILA,Municipio,2.777586,-75.258753
41660,SALADOBLANCO,41,HUILA,Municipio,1.9934,-76.044747
41668,SAN AGUSTÍN,41,HUILA,Municipio,1.881081,-76.27036
41676,SANTA MARÍA,41,HUILA,Municipio,2.939603,-75.586223
41770,SUAZA,41,HUILA,Municipio,1.976051,-75.79525
41791,TARQUI,41,HUILA,Municipio,2.111325,-75.823976
41797,TESALIA,41,HUILA,Municipio,2.486364,-75.730271
41799,TELLO,41,HUILA,Municipio,3.067538,-75.138773
41801,TERUEL,41,HUILA,Municipio,2.740968,-75.567034
41807,TIMANÁ,41,HUILA,Municipio,1.974539,-75.932167
41872,VILLAVIEJA,41,HUILA,Municipio,3.218822,-75.217174
41885,YAGUARÁ,41,HUILA,Municipio,2.664694,-75.518023
44001,RIOHACHA,44,LA GUAJIRA,Municipio,11.528588,-72.911795
44035,ALBANIA,44,LA GUAJIRA,Municipio,11.151628,-72.61232
44078,BARRANCAS,44,LA GUAJIRA,Municipio,10.958669,-72.793639
44090,DIBULLA,44,LA GUAJIRA,Municipio,11.27155,-73.307598
44098,DISTRACCIÓN,44,LA GUAJIRA,Municipio,10.898414,-72.887405
44110,EL MOLINO,44,LA GUAJIRA,Municipio,10.653505,-72.92673
44279,FONSECA,44,LA GUAJIRA,Municipio,10.886734,-72.846319
44378,HATONUEVO,44,LA GUAJIRA,Municipio,11.068864,-72.75904
44420,LA JAGUA DEL PILAR,44,LA GUAJIRA,Municipio,10.511862,-73.072638
44430,MAICAO,44,LA GUAJIRA,Municipio,11.378535,-72.242738
44560,MANAURE,44,LA GUAJIRA,Municipio,11.773767,-72.438739
44650,SAN JUAN DEL CESAR,44,LA GUAJIRA,Municipio,10.769546,-73.000629
44847,URIBIA,44,LA GUAJIRA,Municipio,11.711904,-72.265906
44855,URUMITA,44,LA GUAJIRA,Municipio,10.560169,-73.012507
44874,VILLANUEVA,44,LA GUAJIRA,Municipio,10.608774,-72.977583
47001,SANTA MARTA,47,MAGDALENA,Municipio,11.204679,-74.199829
47030,ALGARROBO,47,MAGDALENA,Municipio,10.188059,-74.061132
47053,ARACATACA,47,MAGDALENA,Municipio,10.589791,-74.186702
47058,ARIGUANÍ,47,MAGDALENA,Municipio,9.847047,-74.236515
47161,CERRO DE SAN ANTONIO,47,MAGDALENA,Municipio,10.325531,-74.868474
47170,CHIVOLO,47,MAGDALENA,Municipio,10.026631,-74.622242
47189,CIÉNAGA,47,MAGDALENA,Municipio,11.006654,-74.241286
47205,CONCORDIA,47,MAGDALENA,Municipio,10.257314,-74.83303
47245,EL BANCO,47,MAGDALENA,Municipio,9.008503,-73.97437
47258,EL PIÑÓN,47,MAGDALENA,Municipio,10.402781,-74.823094
47268,EL RETÉN,47,MAGDALENA,Municipio,10.610488,-74.268444
47288,FUNDACIÓN,47,MAGDALENA,Municipio,10.514146,-74.191453
47318,GUAMAL,47,MAGDALENA,Municipio,9.144354,-74.223689
47460,NUEVA GRANADA,47,MAGDALENA,Municipio,9.80186,-74.391841
47541,PEDRAZA,47,MAGDALENA,Municipio,10.18825,-74.9154
47545,PIJIÑO DEL CARMEN,47,MAGDALENA,Municipio,9.331922,-74.459034
47551,PIVIJAY,47,MAGDALENA,Municipio,10.460707,-74.613312
47555,PLATO,47,MAGDALENA,Municipio,9.796713,-74.784549
47570,PUEBLOVIEJO,47,MAGDALENA,Municipio,10.994766,-74.28253
47605,REMOLINO,47,MAGDALENA,Municipio,10.701952,-74.716172
47660,SABANAS DE SAN ÁNGEL,47,MAGDALENA,Municipio,10.032536,-74.213946
47675,SALAMINA,47,MAGDALENA,Municipio,10.491229,-74.794189
47692,SAN SEBASTIÁN DE BUENAVISTA,47,MAGDALENA,Municipio,9.241656,-74.351498
47703,SAN ZENÓN,47,MAGDALENA,Municipio,9.245061,-74.498992
47707,SANTA ANA,47,MAGDALENA,Municipio,9.324294,-74.566845
47720,SANTA BÁRBARA DE PINTO,47,MAGDALENA,Municipio,9.432263,-74.704667
47745,SITIONUEVO,47,MAGDALENA,Municipio,10.775285,-74.720021
47798,TENERIFE,47,MAGDALENA,Municipio,9.898273,-74.859783
47960,ZAPAYÁN,47,MAGDALENA,Municipio,10.168297,-74.716878
47980,ZONA BANANERA,47,MAGDALENA,Municipio,10.763024,-74.140091
50001,VILLAVICENCIO,50,META,Municipio,4.126369,-73.622601
50006,ACACÍAS,50,META,Municipio,3.990413,-73.766034
50110,BARRANCA DE UPÍA,50,META,Municipio,4.566225,-72.961083
50124,CABUYARO,50,META,Municipio,4.286705,-72.791768
50150,CASTILLA LA NUEVA,50,META,Municipio,3.830005,-73.687302
50223,CUBARRAL,50,META,Municipio,3.793653,-73.837999
50226,CUMARAL,50,META,Municipio,4.270042,-73.487052
50245,EL CALVARIO,50,META,Municipio,4.352665,-73.713325
50251,EL CASTILLO,50,META,Municipio,3.563907,-73.794225
50270,EL DORADO,50,META,Municipio,3.739984,-73.835264
50287,FUENTE DE ORO,50,META,Municipio,3.462875,-73.618121
50313,GRANADA,50,META,Municipio,3.547147,-73.705815
50318,GUAMAL,50,META,Municipio,3.879657,-73.768815
50325,MAPIRIPÁN,50,META,Municipio,2.896617,-72.135509
50330,MESETAS,50,META,Municipio,3.382732,-74.044328
50350,LA MACARENA,50,META,Municipio,2.177143,-73.78661
50370,URIBE,50,META,Municipio,3.239634,-74.351508
50400,LEJANÍAS,50,META,Municipio,3.525115,-74.023514
50450,PUERTO CONCORDIA,50,META,Municipio,2.624006,-72.760209
50568,PUERTO GAITÁN,50,META,Municipio,4.314905,-72.087649
50573,PUERTO LÓPEZ,50,META,Municipio,4.09349,-72.957324
50577,PUERTO LLERAS,50,META,Municipio,3.272117,-73.37385
50590,PUERTO RICO,50,META,Municipio,2.939621,-73.206314
50606,RESTREPO,50,META,Municipio,4.259556,-73.565408
50680,SAN CARLOS DE GUAROA,50,META,Municipio,3.71065,-73.242253
50683,SAN JUAN DE ARAMA,50,META,Municipio,3.373728,-73.875832
50686,SAN JUANITO,50,META,Municipio,4.458181,-73.676699
50689,SAN MARTÍN,50,META,Municipio,3.701899,-73.695812
50711,VISTAHERMOSA,50,META,Municipio,3.125579,-73.750966
52001,PASTO,52,NARIÑO,Municipio,1.212352,-77.278795
52019,ALBÁN,52,NARIÑO,Municipio,1.474978,-77.080712
52022,ALDANA,52,NARIÑO,Municipio,0.882381,-77.700564
52036,ANCUYA,52,NARIÑO,Municipio,1.263276,-77.514512
52051,ARBOLEDA,52,NARIÑO,Municipio,1.503418,-77.135467
52079,BARBACOAS,52,NARIÑO,Municipio,1.671733,-78.13765
52083,BELÉN,52,NARIÑO,Municipio,1.595681,-77.015619
52110,BUESACO,52,NARIÑO,Municipio,1.381453,-77.156463
52203,COLÓN,52,NARIÑO,Municipio,1.643878,-77.019777
52207,CONSACÁ,52,NARIÑO,Municipio,1.207854,-77.466136
52210,CONTADERO,52,NARIÑO,Municipio,0.910458,-77.549409
52215,CÓRDOBA,52,NARIÑO,Municipio,0.854564,-77.517897
52224,CUASPUD CARLOSAMA,52,NARIÑO,Municipio,0.862978,-77.728947
52227,CUMBAL,52,NARIÑO,Municipio,0.906367,-77.792505
52233,CUMBITARA,52,NARIÑO,Municipio,1.647163,-77.578616
52240,CHACHAGÜÍ,52,NARIÑO,Municipio,1.360545,-77.281869
52250,EL CHARCO,52,NARIÑO,Municipio,2.479688,-78.110217
52254,EL PEÑOL,52,NARIÑO,Municipio,1.453567,-77.438522
52256,EL ROSARIO,52,NARIÑO,Municipio,1.745309,-77.33417
52258,EL TABLÓN DE GÓMEZ,52,NARIÑO,Municipio,1.427277,-77.097101
52260,EL TAMBO,52,NARIÑO,Municipio,1.407913,-77.390772
52287,FUNES,52,NARIÑO,Municipio,1.001159,-77.448913
52317,GUACHUCAL,52,NARIÑO,Municipio,0.959744,-77.731589
52320,GUAITARILLA,52,NARIÑO,Municipio,1.129574,-77.549824
52323,GUALMATÁN,52,NARIÑO,Municipio,0.919652,-77.568701
52352,ILES,52,NARIÑO,Municipio,0.96952,-77.521227
52354,IMUÉS,52,NARIÑO,Municipio,1.05506,-77.496339
52356,IPIALES,52,NARIÑO,Municipio,0.827732,-77.646367
52378,LA CRUZ,52,NARIÑO,Municipio,1.601318,-76.970504
52381,LA FLORIDA,52,NARIÑO,Municipio,1.29753,-77.402882
52385,LA LLANADA,52,NARIÑO,Municipio,1.472892,-77.58091
52390,LA TOLA,52,NARIÑO,Municipio,2.398999,-78.189725
52399,LA UNIÓN,52,NARIÑO,Municipio,1.600219,-77.131316
52405,LEIVA,52,NARIÑO,Municipio,1.934453,-77.306135
52411,LINARES,52,NARIÑO,Municipio,1.350814,-77.523953
52418,LOS ANDES,52,NARIÑO,Municipio,1.494587,-77.521303
52427,MAGÜÍ,52,NARIÑO,Municipio,1.765633,-78.182924
52435,MALLAMA,52,NARIÑO,Municipio,1.141037,-77.864549
52473,MOSQUERA,52,NARIÑO,Municipio,2.507139,-78.452992
52480,NARIÑO,52,NARIÑO,Municipio,1.288979,-77.357972
52490,OLAYA HERRERA,52,NARIÑO,Municipio,2.347457,-78.325814
52506,OSPINA,52,NARIÑO,Municipio,1.058433,-77.566082
52520,FRANCISCO PIZARRO,52,NARIÑO,Municipio,2.040629,-78.658361
52540,POLICARPA,52,NARIÑO,Municipio,1.627196,-77.458686
52560,POTOSÍ,52,NARIÑO,Municipio,0.806639,-77.573003
52565,PROVIDENCIA,52,NARIÑO,Municipio,1.237814,-77.596794
52573,PUERRES,52,NARIÑO,Municipio,0.885125,-77.504211
52585,PUPIALES,52,NARIÑO,Municipio,0.870442,-77.636042
52612,RICAURTE,52,NARIÑO,Municipio,1.212492,-77.995153
52621,ROBERTO PAYÁN,52,NARIÑO,Municipio,1.697492,-78.245716
52678,SAMANIEGO,52,NARIÑO,Municipio,1.335438,-77.594341
52683,SANDONÁ,52,NARIÑO,Municipio,1.283438,-77.47313
52685,SAN BERNARDO,52,NARIÑO,Municipio,1.513762,-77.0475
52687,SAN LORENZO,52,NARIÑO,Municipio,1.503362,-77.21542
52693,SAN PABLO,52,NARIÑO,Municipio,1.669429,-77.013984
52694,SAN PEDRO DE CARTAGO,52,NARIÑO,Municipio,1.551572,-77.11941
52696,SANTA BÁRBARA,52,NARIÑO,Municipio,2.449653,-77.979916
52699,SANTACRUZ,52,NARIÑO,Municipio,1.222589,-77.677035
52720,SAPUYES,52,NARIÑO,Municipio,1.037536,-77.62028
52786,TAMINANGO,52,NARIÑO,Municipio,1.570358,-77.2808
52788,TANGUA,52,NARIÑO,Municipio,1.09482,-77.393735
52835,SAN ANDRÉS DE TUMACO,52,NARIÑO,Municipio,1.807399,-78.764073
52838,TÚQUERRES,52,NARIÑO,Municipio,1.085044,-77.61672
52885,YACUANQUER,52,NARIÑO,Municipio,1.115937,-77.400169
54001,SAN JOSÉ DE CÚCUTA,54,NORTE DE SANTANDER,Municipio,7.905725,-72.508178
54003,ÁBREGO,54,NORTE DE SANTANDER,Municipio,8.081616,-73.221722
54051,ARBOLEDAS,54,NORTE DE SANTANDER,Municipio,7.642985,-72.798952
54099,BOCHALEMA,54,NORTE DE SANTANDER,Municipio,7.612192,-72.64701
54109,BUCARASICA,54,NORTE DE SANTANDER,Municipio,8.041299,-72.868231
54125,CÁCOTA,54,NORTE DE SANTANDER,Municipio,7.268705,-72.642059
54128,CÁCHIRA,54,NORTE DE SANTANDER,Municipio,7.741248,-73.048983
54172,CHINÁCOTA,54,NORTE DE SANTANDER,Municipio,7.603112,-72.601162
54174,CHITAGÁ,54,NORTE DE SANTANDER,Municipio,7.138187,-72.665468
54206,CONVENCIÓN,54,NORTE DE SANTANDER,Municipio,8.470374,-73.3372
54223,CUCUTILLA,54,NORTE DE SANTANDER,Municipio,7.539633,-72.772816
54239,DURANIA,54,NORTE DE SANTANDER,Municipio,7.714804,-72.658491
54245,EL CARMEN,54,NORTE DE SANTANDER,Municipio,8.510579,-73.446687
54250,EL TARRA,54,NORTE DE SANTANDER,Municipio,8.574281,-73.09614
54261,EL ZULIA,54,NORTE DE SANTANDER,Municipio,7.938572,-72.604717
54313,GRAMALOTE,54,NORTE DE SANTANDER,Municipio,7.916946,-72.787233
54344,HACARÍ,54,NORTE DE SANTANDER,Municipio,8.321506,-73.145997
54347,HERRÁN,54,NORTE DE SANTANDER,Municipio,7.506541,-72.483519
54377,LABATECA,54,NORTE DE SANTANDER,Municipio,7.298414,-72.495983
54385,LA ESPERANZA,54,NORTE DE SANTANDER,Municipio,7.639839,-73.328126
54398,LA PLAYA,54,NORTE DE SANTANDER,Municipio,8.21124,-73.239986
54405,LOS PATIOS,54,NORTE DE SANTANDER,Municipio,7.833186,-72.505612
54418,LOURDES,54,NORTE DE SANTANDER,Municipio,7.945631,-72.832376
54480,MUTISCUA,54,NORTE DE SANTANDER,Municipio,7.300469,-72.747169
54498,OCAÑA,54,NORTE DE SANTANDER,Municipio,8.248574,-73.35607
54518,PAMPLONA,54,NORTE DE SANTANDER,Municipio,7.372802,-72.647714
54520,PAMPLONITA,54,NORTE DE SANTANDER,Municipio,7.436745,-72.639111
54553,PUERTO SANTANDER,54,NORTE DE SANTANDER,Municipio,8.359993,-72.411363
54599,RAGONVALIA,54,NORTE DE SANTANDER,Municipio,7.577861,-72.476708
54660,SALAZAR,54,NORTE DE SANTANDER,Municipio,7.773683,-72.813064
54670,SAN CALIXTO,54,NORTE DE SANTANDER,Municipio,8.40214,-73.208622
54673,SAN CAYETANO,54,NORTE DE SANTANDER,Municipio,7.875695,-72.625459
54680,SANTIAGO,54,NORTE DE SANTANDER,Municipio,7.865856,-72.716203
54720,SARDINATA,54,NORTE DE SANTANDER,Municipio,8.082105,-72.800577
54743,SILOS,54,NORTE DE SANTANDER,Municipio,7.204736,-72.757128
54800,TEORAMA,54,NORTE DE SANTANDER,Municipio,8.438134,-73.28707
54810,TIBÚ,54,NORTE DE SANTANDER,Municipio,8.639891,-72.734496
54820,TOLEDO,54,NORTE DE SANTANDER,Municipio,7.307692,-72.481915
54871,VILLA CARO,54,NORTE DE SANTANDER,Municipio,7.914244,-72.973601
54874,VILLA DEL ROSARIO,54,NORTE DE SANTANDER,Municipio,7.847672,-72.469758
63001,ARMENIA,63,QUINDÍO,Municipio,4.53598,-75.680786
63111,BUENAVISTA,63,QUINDÍO,Municipio,4.360029,-75.739572
63130,CALARCÁ,63,QUINDÍO,Municipio,4.520982,-75.646085
63190,CIRCASIA,63,QUINDÍO,Municipio,4.617759,-75.636533
63212,CÓRDOBA,63,QUINDÍO,Municipio,4.392485,-75.687866
63272,FILANDIA,63,QUINDÍO,Municipio,4.674338,-75.658387
63302,GÉNOVA,63,QUINDÍO,Municipio,4.206641,-75.790402
63401,LA TEBAIDA,63,QUINDÍO,Municipio,4.453755,-75.786887
63470,MONTENEGRO,63,QUINDÍO,Municipio,4.565057,-75.749827
63548,PIJAO,63,QUINDÍO,Municipio,4.335036,-75.703329
63594,QUIMBAYA,63,QUINDÍO,Municipio,4.624387,-75.765074
63690,SALENTO,63,QUINDÍO,Municipio,4.637157,-75.570844
66001,PEREIRA,66,RISARALDA,Municipio,4.804985,-75.719711
66045,APÍA,66,RISARALDA,Municipio,5.106526,-75.942356
66075,BALBOA,66,RISARALDA,Municipio,4.949096,-75.958663
66088,BELÉN DE UMBRÍA,66,RISARALDA,Municipio,5.200793,-75.868334
66170,DOSQUEBRADAS,66,RISARALDA,Municipio,4.833131,-75.675371
66318,GUÁTICA,66,RISARALDA,Municipio,5.315367,-75.799005
66383,LA CELIA,66,RISARALDA,Municipio,5.002787,-76.0032
66400,LA VIRGINIA,66,RISARALDA,Municipio,4.896624,-75.880394
66440,MARSELLA,66,RISARALDA,Municipio,4.935771,-75.73879
66456,MISTRATÓ,66,RISARALDA,Municipio,5.297039,-75.882886
66572,PUEBLO RICO,66,RISARALDA,Municipio,5.222043,-76.030801
66594,QUINCHÍA,66,RISARALDA,Municipio,5.340456,-75.730431
66682,SANTA ROSA DE CABAL,66,RISARALDA,Municipio,4.876271,-75.623268
66687,SANTUARIO,66,RISARALDA,Municipio,5.074911,-75.964628
68001,BUCARAMANGA,68,SANTANDER,Municipio,7.11647,-73.132562
68013,AGUADA,68,SANTANDER,Municipio,6.162355,-73.523132
68020,ALBANIA,68,SANTANDER,Municipio,5.759166,-73.91336
68051,ARATOCA,68,SANTANDER,Municipio,6.694418,-73.01786
68077,BARBOSA,68,SANTANDER,Municipio,5.932531,-73.615965
68079,BARICHARA,68,SANTANDER,Municipio,6.634111,-73.223047
68081,BARRANCABERMEJA,68,SANTANDER,Municipio,7.064857,-73.849243
68092,BETULIA,68,SANTANDER,Municipio,6.899525,-73.283669
68101,BOLÍVAR,68,SANTANDER,Municipio,5.988953,-73.771346
68121,CABRERA,68,SANTANDER,Municipio,6.592118,-73.246475
68132,CALIFORNIA,68,SANTANDER,Municipio,7.347989,-72.946491
68147,CAPITANEJO,68,SANTANDER,Municipio,6.527394,-72.695427
68152,CARCASÍ,68,SANTANDER,Municipio,6.629016,-72.627099
68160,CEPITÁ,68,SANTANDER,Municipio,6.753518,-72.973536
68162,CERRITO,68,SANTANDER,Municipio,6.840405,-72.694851
68167,CHARALÁ,68,SANTANDER,Municipio,6.284339,-73.146873
68169,CHARTA,68,SANTANDER,Municipio,7.28082,-72.968798
68176,CHIMA,68,SANTANDER,Municipio,6.344348,-73.373656
68179,CHIPATÁ,68,SANTANDER,Municipio,6.062521,-73.637111
68190,CIMITARRA,68,SANTANDER,Municipio,6.320886,-73.953011
68207,CONCEPCIÓN,68,SANTANDER,Municipio,6.768908,-72.694567
68209,CONFINES,68,SANTANDER,Municipio,6.357327,-73.240554
68211,CONTRATACIÓN,68,SANTANDER,Municipio,6.290561,-73.474426
68217,COROMORO,68,SANTANDER,Municipio,6.294999,-73.040816
68229,CURITÍ,68,SANTANDER,Municipio,6.605099,-73.069383
68235,EL CARMEN DE CHUCURÍ,68,SANTANDER,Municipio,6.700038,-73.51066
68245,EL GUACAMAYO,68,SANTANDER,Municipio,6.245111,-73.496908
68250,EL PEÑÓN,68,SANTANDER,Municipio,6.05537,-73.815532
68255,EL PLAYÓN,68,SANTANDER,Municipio,7.470715,-73.20287
68264,ENCINO,68,SANTANDER,Municipio,6.137429,-73.098749
68266,ENCISO,68,SANTANDER,Municipio,6.668034,-72.699647
68271,FLORIÁN,68,SANTANDER,Municipio,5.804659,-73.97143
68276,FLORIDABLANCA,68,SANTANDER,Municipio,7.072329,-73.099104
68296,GALÁN,68,SANTANDER,Municipio,6.638423,-73.287769
68298,GÁMBITA,68,SANTANDER,Municipio,5.945998,-73.344185
68307,GIRÓN,68,SANTANDER,Municipio,7.070432,-73.166832
68318,GUACA,68,SANTANDER,Municipio,6.876563,-72.856322
68320,GUADALUPE,68,SANTANDER,Municipio,6.245847,-73.419292
68322,GUAPOTÁ,68,SANTANDER,Municipio,6.308635,-73.320732
68324,GUAVATÁ,68,SANTANDER,Municipio,5.954348,-73.700906
68327,GÜEPSA,68,SANTANDER,Municipio,6.025013,-73.575146
68344,HATO,68,SANTANDER,Municipio,6.543957,-73.308399
68368,JESÚS MARÍA,68,SANTANDER,Municipio,5.876497,-73.783396
68370,JORDÁN,68,SANTANDER,Municipio,6.732727,-73.096053
68377,LA BELLEZA,68,SANTANDER,Municipio,5.85925,-73.965494
68385,LANDÁZURI,68,SANTANDER,Municipio,6.218812,-73.811359
68397,LA PAZ,68,SANTANDER,Municipio,6.178509,-73.58959
68406,LEBRIJA,68,SANTANDER,Municipio,7.113351,-73.219524
68418,LOS SANTOS,68,SANTANDER,Municipio,6.755203,-73.102739
68425,MACARAVITA,68,SANTANDER,Municipio,6.50658,-72.593105
68432,MÁLAGA,68,SANTANDER,Municipio,6.703081,-72.732089
68444,MATANZA,68,SANTANDER,Municipio,7.323175,-73.015566
68464,MOGOTES,68,SANTANDER,Municipio,6.475246,-72.969807
68468,MOLAGAVITA,68,SANTANDER,Municipio,6.67432,-72.809175
68498,OCAMONTE,68,SANTANDER,Municipio,6.339988,-73.122563
68500,OIBA,68,SANTANDER,Municipio,6.26521,-73.299791
68502,ONZAGA,68,SANTANDER,Municipio,6.344104,-72.816766
68522,PALMAR,68,SANTANDER,Municipio,6.537789,-73.29109
68524,PALMAS DEL SOCORRO,68,SANTANDER,Municipio,6.406139,-73.287764
68533,PÁRAMO,68,SANTANDER,Municipio,6.416811,-73.17022
68547,PIEDECUESTA,68,SANTANDER,Municipio,6.997245,-73.054795
68549,PINCHOTE,68,SANTANDER,Municipio,6.531552,-73.174209
68572,PUENTE NACIONAL,68,SANTANDER,Municipio,5.878381,-73.677567
68573,PUERTO PARRA,68,SANTANDER,Municipio,6.650785,-74.056129
68575,PUERTO WILCHES,68,SANTANDER,Municipio,7.344057,-73.899909
68615,RIONEGRO,68,SANTANDER,Municipio,7.265014,-73.150177
68655,SABANA DE TORRES,68,SANTANDER,Municipio,7.391919,-73.49906
68669,SAN ANDRÉS,68,SANTANDER,Municipio,6.811511,-72.848864
68673,SAN BENITO,68,SANTANDER,Municipio,6.126656,-73.50907
68679,SAN GIL,68,SANTANDER,Municipio,6.551952,-73.134776
68682,SAN JOAQUÍN,68,SANTANDER,Municipio,6.427548,-72.867638
68684,SAN JOSÉ DE MIRANDA,68,SANTANDER,Municipio,6.658995,-72.733616
68686,SAN MIGUEL,68,SANTANDER,Municipio,6.575315,-72.644123
68689,SAN VICENTE DE CHUCURÍ,68,SANTANDER,Municipio,6.880383,-73.411024
68705,SANTA BÁRBARA,68,SANTANDER,Municipio,6.990996,-72.907445
68720,SANTA HELENA DEL OPÓN,68,SANTANDER,Municipio,6.339565,-73.616716
68745,SIMACOTA,68,SANTANDER,Municipio,6.443469,-73.337368
68755,SOCORRO,68,SANTANDER,Municipio,6.46387,-73.261198
68770,SUAITA,68,SANTANDER,Municipio,6.101329,-73.44165
68773,SUCRE,68,SANTANDER,Municipio,5.918743,-73.790975
68780,SURATÁ,68,SANTANDER,Municipio,7.36658,-72.984232
68820,TONA,68,SANTANDER,Municipio,7.201417,-72.967023
68855,VALLE DE SAN JOSÉ,68,SANTANDER,Municipio,6.448028,-73.143507
68861,VÉLEZ,68,SANTANDER,Municipio,6.009275,-73.672447
68867,VETAS,68,SANTANDER,Municipio,7.30981,-72.871041
68872,VILLANUEVA,68,SANTANDER,Municipio,6.670078,-73.174307
68895,ZAPATOCA,68,SANTANDER,Municipio,6.814387,-73.268034
70001,SINCELEJO,70,SUCRE,Municipio,9.302322,-75.395445
70110,BUENAVISTA,70,SUCRE,Municipio,9.319794,-74.972827
70124,CAIMITO,70,SUCRE,Municipio,8.789324,-75.117141
70204,COLOSÓ,70,SUCRE,Municipio,9.494192,-75.353256
70215,COROZAL,70,SUCRE,Municipio,9.318749,-75.293048
70221,COVEÑAS,70,SUCRE,Municipio,9.402779,-75.680158
70230,CHALÁN,70,SUCRE,Municipio,9.545352,-75.312697
70233,EL ROBLE,70,SUCRE,Municipio,9.100647,-75.198378
70235,GALERAS,70,SUCRE,Municipio,9.160379,-75.04959
70265,GUARANDA,70,SUCRE,Municipio,8.468556,-74.537749
70400,LA UNIÓN,70,SUCRE,Municipio,8.853975,-75.276056
70418,LOS PALMITOS,70,SUCRE,Municipio,9.380269,-75.268716
70429,MAJAGUAL,70,SUCRE,Municipio,8.541163,-74.628077
70473,MORROA,70,SUCRE,Municipio,9.331395,-75.305949
70508,OVEJAS,70,SUCRE,Municipio,9.527176,-75.229037
70523,PALMITO,70,SUCRE,Municipio,9.333157,-75.541264
70670,SAMPUÉS,70,SUCRE,Municipio,9.183193,-75.380222
70678,SAN BENITO ABAD,70,SUCRE,Municipio,8.930108,-75.031089
70702,SAN JUAN DE BETULIA,70,SUCRE,Municipio,9.273066,-75.243565
70708,SAN MARCOS,70,SUCRE,Municipio,8.661774,-75.133831
70713,SAN ONOFRE,70,SUCRE,Municipio,9.736955,-75.522398
70717,SAN PEDRO,70,SUCRE,Municipio,9.39625,-75.063647
70742,SAN LUIS DE SINCÉ,70,SUCRE,Municipio,9.244308,-75.145999
70771,SUCRE,70,SUCRE,Municipio,8.811737,-74.723175
70820,SANTIAGO DE TOLÚ,70,SUCRE,Municipio,9.525387,-75.581112
70823,SAN JOSÉ DE TOLUVIEJO,70,SUCRE,Municipio,9.451819,-75.44085
73001,IBAGUÉ,73,TOLIMA,Municipio,4.432248,-75.19425
73024,ALPUJARRA,73,TOLIMA,Municipio,3.391548,-74.9329
73026,ALVARADO,73,TOLIMA,Municipio,4.567356,-74.953418
73030,AMBALEMA,73,TOLIMA,Municipio,4.782682,-74.764429
73043,ANZOÁTEGUI,73,TOLIMA,Municipio,4.631756,-75.093772
73055,ARMERO,73,TOLIMA,Municipio,5.030744,-74.884438
73067,ATACO,73,TOLIMA,Municipio,3.590591,-75.382545
73124,CAJAMARCA,73,TOLIMA,Municipio,4.438812,-75.431971
73148,CARMEN DE APICALÁ,73,TOLIMA,Municipio,4.152334,-74.717633
73152,CASABIANCA,73,TOLIMA,Municipio,5.078465,-75.120966
73168,CHAPARRAL,73,TOLIMA,Municipio,3.722918,-75.480765
73200,COELLO,73,TOLIMA,Municipio,4.287276,-74.898464
73217,COYAIMA,73,TOLIMA,Municipio,3.798036,-75.193862
73226,CUNDAY,73,TOLIMA,Municipio,4.059259,-74.692227
73236,DOLORES,73,TOLIMA,Municipio,3.539072,-74.896761
73268,ESPINAL,73,TOLIMA,Municipio,4.151314,-74.885446
73270,FALAN,73,TOLIMA,Municipio,5.123104,-74.953007
73275,FLANDES,73,TOLIMA,Municipio,4.276373,-74.818763
73283,FRESNO,73,TOLIMA,Municipio,5.153576,-75.035722
73319,GUAMO,73,TOLIMA,Municipio,4.030992,-74.968135
73347,HERVEO,73,TOLIMA,Municipio,5.080228,-75.177151
73349,HONDA,73,TOLIMA,Municipio,5.211816,-74.75699
73352,ICONONZO,73,TOLIMA,Municipio,4.176487,-74.531969
73408,LÉRIDA,73,TOLIMA,Municipio,4.862046,-74.910716
73411,LÍBANO,73,TOLIMA,Municipio,4.92042,-75.061959
73443,SAN SEBASTIÁN DE MARIQUITA,73,TOLIMA,Municipio,5.199708,-74.889276
73449,MELGAR,73,TOLIMA,Municipio,4.203655,-74.641317
73461,MURILLO,73,TOLIMA,Municipio,4.874341,-75.171022
73483,NATAGAIMA,73,TOLIMA,Municipio,3.624324,-75.093182
73504,ORTEGA,73,TOLIMA,Municipio,3.934916,-75.222601
73520,PALOCABILDO,73,TOLIMA,Municipio,5.120918,-75.022167
73547,PIEDRAS,73,TOLIMA,Municipio,4.543951,-74.878106
73555,PLANADAS,73,TOLIMA,Municipio,3.197911,-75.644163
73563,PRADO,73,TOLIMA,Municipio,3.750939,-74.927447
73585,PURIFICACIÓN,73,TOLIMA,Municipio,3.857246,-74.935555
73616,RIOBLANCO,73,TOLIMA,Municipio,3.529932,-75.644069
73622,RONCESVALLES,73,TOLIMA,Municipio,4.011567,-75.605959
73624,ROVIRA,73,TOLIMA,Municipio,4.239019,-75.240648
73671,SALDAÑA,73,TOLIMA,Municipio,3.929815,-75.016852
73675,SAN ANTONIO,73,TOLIMA,Municipio,3.914146,-75.480074
73678,SAN LUIS,73,TOLIMA,Municipio,4.133721,-75.095804
73686,SANTA ISABEL,73,TOLIMA,Municipio,4.713606,-75.097934
73770,SUÁREZ,73,TOLIMA,Municipio,4.048891,-74.831885
73854,VALLE DE SAN JUAN,73,TOLIMA,Municipio,4.197494,-75.115669
73861,VENADILLO,73,TOLIMA,Municipio,4.717878,-74.929333
73870,VILLAHERMOSA,73,TOLIMA,Municipio,5.030452,-75.117729
73873,VILLARRICA,73,TOLIMA,Municipio,3.936902,-74.600285
76001,SANTIAGO DE CALI,76,VALLE DEL CAUCA,Municipio,3.413686,-76.52133
76020,ALCALÁ,76,VALLE DEL CAUCA,Municipio,4.674994,-75.779792
76036,ANDALUCÍA,76,VALLE DEL CAUCA,Municipio,4.171713,-76.167925
76041,ANSERMANUEVO,76,VALLE DEL CAUCA,Municipio,4.794984,-75.992003
76054,ARGELIA,76,VALLE DEL CAUCA,Municipio,4.726945,-76.119905
76100,BOLÍVAR,76,VALLE DEL CAUCA,Municipio,4.337846,-76.183583
76109,BUENAVENTURA,76,VALLE DEL CAUCA,Municipio,3.875708,-77.01074
76111,GUADALAJARA DE BUGA,76,VALLE DEL CAUCA,Municipio,3.900736,-76.298979
76113,BUGALAGRANDE,76,VALLE DEL CAUCA,Municipio,4.208358,-76.15682
76122,CAICEDONIA,76,VALLE DEL CAUCA,Municipio,4.334808,-75.830594
76126,CALIMA,76,VALLE DEL CAUCA,Municipio,3.933664,-76.484132
76130,CANDELARIA,76,VALLE DEL CAUCA,Municipio,3.408354,-76.346519
76147,CARTAGO,76,VALLE DEL CAUCA,Municipio,4.742192,-75.924374
76233,DAGUA,76,VALLE DEL CAUCA,Municipio,3.657318,-76.68886
76243,EL ÁGUILA,76,VALLE DEL CAUCA,Municipio,4.906062,-76.042779
76246,EL CAIRO,76,VALLE DEL CAUCA,Municipio,4.760874,-76.221611
76248,EL CERRITO,76,VALLE DEL CAUCA,Municipio,3.684229,-76.311972
76250,EL DOVIO,76,VALLE DEL CAUCA,Municipio,4.510452,-76.237084
76275,FLORIDA,76,VALLE DEL CAUCA,Municipio,3.324118,-76.234199
76306,GINEBRA,76,VALLE DEL CAUCA,Municipio,3.724181,-76.268068
76318,GUACARÍ,76,VALLE DEL CAUCA,Municipio,3.761815,-76.330911
76364,JAMUNDÍ,76,VALLE DEL CAUCA,Municipio,3.258751,-76.538472
76377,LA CUMBRE,76,VALLE DEL CAUCA,Municipio,3.649268,-76.56805
76400,LA UNIÓN,76,VALLE DEL CAUCA,Municipio,4.533869,-76.099661
76403,LA VICTORIA,76,VALLE DEL CAUCA,Municipio,4.523603,-76.036529
76497,OBANDO,76,VALLE DEL CAUCA,Municipio,4.575712,-75.974709
76520,PALMIRA,76,VALLE DEL CAUCA,Municipio,3.531544,-76.298846
76563,PRADERA,76,VALLE DEL CAUCA,Municipio,3.419793,-76.241799
76606,RESTREPO,76,VALLE DEL CAUCA,Municipio,3.821351,-76.523329
76616,RIOFRÍO,76,VALLE DEL CAUCA,Municipio,4.156908,-76.288313
76622,ROLDANILLO,76,VALLE DEL CAUCA,Municipio,4.413601,-76.152277
76670,SAN PEDRO,76,VALLE DEL CAUCA,Municipio,3.995073,-76.228692
76736,SEVILLA,76,VALLE DEL CAUCA,Municipio,4.270714,-75.931629
76823,TORO,76,VALLE DEL CAUCA,Municipio,4.608085,-76.076859
76828,TRUJILLO,76,VALLE DEL CAUCA,Municipio,4.212037,-76.318818
76834,TULUÁ,76,VALLE DEL CAUCA,Municipio,4.085399,-76.197731
76845,ULLOA,76,VALLE DEL CAUCA,Municipio,4.703623,-75.737808
76863,VERSALLES,76,VALLE DEL CAUCA,Municipio,4.575019,-76.199203
76869,VIJES,76,VALLE DEL CAUCA,Municipio,3.698686,-76.441804
76890,YOTOCO,76,VALLE DEL CAUCA,Municipio,3.861241,-76.382698
76892,YUMBO,76,VALLE DEL CAUCA,Municipio,3.540097,-76.499893
76895,ZARZAL,76,VALLE DEL CAUCA,Municipio,4.392658,-76.070795
81001,ARAUCA,81,ARAUCA,Municipio,7.072726,-70.747408
81065,ARAUQUITA,81,ARAUCA,Municipio,7.02702,-71.426733
81220,CRAVO NORTE,81,ARAUCA,Municipio,6.303913,-70.204286
81300,FORTUL,81,ARAUCA,Municipio,6.796695,-71.76877
81591,PUERTO RONDÓN,81,ARAUCA,Municipio,6.281461,-71.10339
81736,SARAVENA,81,ARAUCA,Municipio,6.953926,-71.872812
81794,TAME,81,ARAUCA,Municipio,6.453324,-71.754427
85001,YOPAL,85,CASANARE,Municipio,5.327102,-72.396132
85010,AGUAZUL,85,CASANARE,Municipio,5.172641,-72.546838
85015,CHÁMEZA,85,CASANARE,Municipio,5.214527,-72.87016
85125,HATO COROZAL,85,CASANARE,Municipio,6.154099,-71.764213
85136,LA SALINA,85,CASANARE,Municipio,6.127762,-72.334978
85139,MANÍ,85,CASANARE,Municipio,4.81681,-72.281384
85162,MONTERREY,85,CASANARE,Municipio,4.877017,-72.894065
85225,NUNCHÍA,85,CASANARE,Municipio,5.636474,-72.195323
85230,OROCUÉ,85,CASANARE,Municipio,4.790258,-71.338533
85250,PAZ DE ARIPORO,85,CASANARE,Municipio,5.879827,-71.890348
85263,PORE,85,CASANARE,Municipio,5.72773,-71.99286
85279,RECETOR,85,CASANARE,Municipio,5.229181,-72.760991
85300,SABANALARGA,85,CASANARE,Municipio,4.854787,-73.038696
85315,SÁCAMA,85,CASANARE,Municipio,6.096738,-72.250157
85325,SAN LUIS DE PALENQUE,85,CASANARE,Municipio,5.422397,-71.732198
85400,TÁMARA,85,CASANARE,Municipio,5.829543,-72.16165
85410,TAURAMENA,85,CASANARE,Municipio,5.018977,-72.74662
85430,TRINIDAD,85,CASANARE,Municipio,5.412178,-71.662812
85440,VILLANUEVA,85,CASANARE,Municipio,4.61035,-72.927797
86001,MOCOA,86,PUTUMAYO,Municipio,1.151172,-76.654238
86219,COLÓN,86,PUTUMAYO,Municipio,1.190133,-76.972566
86320,ORITO,86,PUTUMAYO,Municipio,0.663593,-76.873276
86568,PUERTO ASÍS,86,PUTUMAYO,Municipio,0.505627,-76.496887
86569,PUERTO CAICEDO,86,PUTUMAYO,Municipio,0.687784,-76.606118
86571,PUERTO GUZMÁN,86,PUTUMAYO,Municipio,0.962854,-76.407663
86573,PUERTO LEGUÍZAMO,86,PUTUMAYO,Municipio,-0.192318,-74.781842
86749,SIBUNDOY,86,PUTUMAYO,Municipio,1.20026,-76.917814
86755,SAN FRANCISCO,86,PUTUMAYO,Municipio,1.174194,-76.879283
86757,SAN MIGUEL,86,PUTUMAYO,Municipio,0.34346,-76.91217
86760,SANTIAGO,86,PUTUMAYO,Municipio,1.147076,-77.002641
86865,VALLE DEL GUAMUEZ,86,PUTUMAYO,Municipio,0.423506,-76.906751
86885,VILLAGARZÓN,86,PUTUMAYO,Municipio,1.028821,-76.61721
88001,SAN ANDRÉS,88,"ARCHIPIÉLAGO DE SAN ANDRÉS, PROVIDENCIA Y SANTA CATALINA",Isla,12.578108,-81.707181
88564,PROVIDENCIA,88,"ARCHIPIÉLAGO DE SAN ANDRÉS, PROVIDENCIA Y SANTA CATALINA",Municipio,13.373185,-81.368386
91001,LETICIA,91,AMAZONAS,Municipio,-4.19895,-69.941721
91263,EL ENCANTO,91,AMAZONAS,Área no municipalizada,-1.74806,-73.207114
91405,LA CHORRERA,91,AMAZONAS,Área no municipalizada,-1.442617,-72.791889
91407,LA PEDRERA,91,AMAZONAS,Área no municipalizada,-1.320301,-69.585499
91430,LA VICTORIA,91,AMAZONAS,Área no municipalizada,0.054936,-71.223208
91460,MIRITÍ - PARANÁ,91,AMAZONAS,Área no municipalizada,-0.888833,-70.98893
91530,PUERTO ALEGRÍA,91,AMAZONAS,Área no municipalizada,-1.005674,-74.014461
91536,PUERTO ARICA,91,AMAZONAS,Área no municipalizada,-2.147039,-71.752186
91540,PUERTO NARIÑO,91,AMAZONAS,Municipio,-3.779934,-70.364937
91669,PUERTO SANTANDER,91,AMAZONAS,Área no municipalizada,-0.621184,-72.384213
91798,TARAPACÁ,91,AMAZONAS,Área no municipalizada,-2.890126,-69.741745
94001,INÍRIDA,94,GUAINÍA,Municipio,3.866764,-67.918613
94343,BARRANCOMINAS,94,GUAINÍA,Municipio,3.494178,-69.814066
94883,SAN FELIPE,94,GUAINÍA,Área no municipalizada,1.912495,-67.067848
94884,PUERTO COLOMBIA,94,GUAINÍA,Área no municipalizada,2.726438,-67.566774
94885,LA GUADALUPE,94,GUAINÍA,Área no municipalizada,1.632464,-66.963692
94886,CACAHUAL,94,GUAINÍA,Área no municipalizada,3.52617,-67.413312
94887,PANA PANA,94,GUAINÍA,Área no municipalizada,1.865668,-69.0099
94888,MORICHAL,94,GUAINÍA,Área no municipalizada,2.265132,-69.919404
95001,SAN JOSÉ DEL GUAVIARE,95,GUAVIARE,Municipio,2.565932,-72.639254
95015,CALAMAR,95,GUAVIARE,Municipio,1.960982,-72.655197
95025,EL RETORNO,95,GUAVIARE,Municipio,2.330164,-72.627304
95200,MIRAFLORES,95,GUAVIARE,Municipio,1.337539,-71.950416
97001,MITÚ,97,VAUPÉS,Municipio,1.253151,-70.232641
97161,CARURÚ,97,VAUPÉS,Municipio,1.016116,-71.30221
97511,PACOA,97,VAUPÉS,Área no municipalizada,0.020698,-71.004339
97666,TARAIRA,97,VAUPÉS,Municipio,-0.564984,-69.635497
97777,PAPUNAHUA,97,VAUPÉS,Área no municipalizada,1.908124,-70.76091
97889,YAVARATÉ,97,VAUPÉS,Área no municipalizada,0.609142,-69.203337
99001,PUERTO CARREÑO,99,VICHADA,Municipio,6.186636,-67.487095
99524,LA PRIMAVERA,99,VICHADA,Municipio,5.486309,-70.410515
99624,SANTA ROSALÍA,99,VICHADA,Municipio,5.136393,-70.859499
99773,CUMARIBO,99,VICHADA,Municipio,4.446352,-69.795533
