departamento,municipio,c5,size,n_,dpto,tipo_municipio,estado
AMAZONAS,Leticia (CT),91001,2926,LETICIA,AMAZONAS,Municipio,ok
AMAZONAS,Leticia (CT),91263,19,EL ENCANTO,AMAZONAS,Área no municipalizada,anm_con_nombre_de_capital
AMAZONAS,Leticia (CT),91405,44,LA CHORRERA,AMAZONAS,Área no municipalizada,anm_con_nombre_de_capital
AMAZONAS,Leticia (CT),91407,20,LA PEDRERA,AMAZONAS,Área no municipalizada,anm_con_nombre_de_capital
AMAZONAS,Leticia (CT),91460,9,MIRITI PARANA,AMAZONAS,Área no municipalizada,anm_con_nombre_de_capital
AMAZONAS,Leticia (CT),91530,3,PUERTO ALEGRIA,AMAZONAS,Área no municipalizada,anm_con_nombre_de_capital
AMAZONAS,Leticia (CT),91536,4,PUERTO ARICA,AMAZONAS,Área no municipalizada,anm_con_nombre_de_capital
AMAZONAS,Leticia (CT),91669,18,PUERTO SANTANDER,AMAZONAS,Área no municipalizada,anm_con_nombre_de_capital
AMAZONAS,Leticia (CT),91798,57,TARAPACA,AMAZONAS,Área no municipalizada,anm_con_nombre_de_capital
AMAZONAS,Puerto Nariño,91540,278,PUERTO NARINO,AMAZONAS,Municipio,ok
ANTIOQUIA,Abejorral,05002,471,ABEJORRAL,ANTIOQUIA,Municipio,ok
ANTIOQUIA,Abriaquí,05004,21,ABRIAQUI,ANTIOQUIA,Municipio,ok
ANTIOQUIA,Alejandría,05021,170,ALEJANDRIA,ANTIOQUIA,Municipio,ok
ANTIOQUIA,Amagá,05030,1050,AMAGA,ANTIOQUIA,Municipio,ok
ANTIOQUIA,Amalfi,05031,558,AMALFI,ANTIOQUIA,Municipio,ok
ANTIOQUIA,Andes,05034,1567,ANDES,ANTIOQUIA,Municipio,ok
ANTIOQUIA,Angelópolis,05036,347,ANGELOPOLIS,ANTIOQUIA,Municipio,ok
ANTIOQUIA,Angostura,05038,308,ANGOSTURA,ANTIOQUIA,Municipio,ok
ANTIOQUIA,Anorí,05040,448,ANORI,ANTIOQUIA,Municipio,ok
ANTIOQUIA,Anza,05044,180,ANZA,ANTIOQUIA,Municipio,ok
ANTIOQUIA,Apartadó,05045,5351,APARTADO,ANTIOQUIA,Municipio,ok
ANTIOQUIA,Arboletes,05051,418,ARBOLETES,ANTIOQUIA,Municipio,ok
ANTIOQUIA,Argelia,05055,176,ARGELIA,ANTIOQUIA,Municipio,ok
ANTIOQUIA,Armenia,05059,148,ARMENIA,ANTIOQUIA,Municipio,ok
ANTIOQUIA,Barbosa,05079,2749,BARBOSA,ANTIOQUIA,Municipio,ok
ANTIOQUIA,Bello,05088,24503,BELLO,ANTIOQUIA,Municipio,ok
ANTIOQUIA,Belmira,05086,114,BELMIRA,ANTIOQUIA,Municipio,ok
ANTIOQUIA,Betania,05091,376,BETANIA,ANTIOQUIA,Municipio,ok
ANTIOQUIA,Betulia,05093,435,BETULIA,ANTIOQUIA,Municipio,ok
ANTIOQUIA,Briceño,05107,199,BRICENO,ANTIOQUIA,Municipio,ok
ANTIOQUIA,Buriticá,05113,182,BURITICA,ANTIOQUIA,Municipio,ok
ANTIOQUIA,Caicedo,05125,170,CAICEDO,ANTIOQUIA,Municipio,ok
ANTIOQUIA,Caldas,05129,3321,CALDAS,ANTIOQUIA,Municipio,ok
ANTIOQUIA,Campamento,05134,161,CAMPAMENTO,ANTIOQUIA,Municipio,ok
ANTIOQUIA,Caracolí,05142,117,CARACOLI,ANTIOQUIA,Municipio,ok
ANTIOQUIA,Caramanta,05145,71,CARAMANTA,ANTIOQUIA,Municipio,ok
ANTIOQUIA,Carepa,05147,1421,CAREPA,ANTIOQUIA,Municipio,ok
ANTIOQUIA,Carolina,05150,138,CAROLINA,ANTIOQUIA,Municipio,ok
ANTIOQUIA,Caucasia,05154,3566,CAUCASIA,ANTIOQUIA,Municipio,ok
ANTIOQUIA,Cañasgordas,05138,286,CANASGORDAS,ANTIOQUIA,Municipio,ok
ANTIOQUIA,Chigorodó,05172,1752,CHIGORODO,ANTIOQUIA,Municipio,ok
ANTIOQUIA,Cisneros,05190,419,CISNEROS,ANTIOQUIA,Municipio,ok
ANTIOQUIA,Ciudad Bolívar,05101,655,CIUDAD BOLIVAR,ANTIOQUIA,Municipio,ok
ANTIOQUIA,Cocorná,05197,574,COCORNA,ANTIOQUIA,Municipio,ok
ANTIOQUIA,Concepción,05206,143,CONCEPCION,ANTIOQUIA,Municipio,ok
ANTIOQUIA,Concordia,05209,634,CONCORDIA,ANTIOQUIA,Municipio,ok
ANTIOQUIA,Copacabana,05212,4720,COPACABANA,ANTIOQUIA,Municipio,ok
ANTIOQUIA,Cáceres,05120,387,CACERES,ANTIOQUIA,Municipio,ok
ANTIOQUIA,Dabeiba,05234,525,DABEIBA,ANTIOQUIA,Municipio,ok
ANTIOQUIA,Don Matías,05237,732,DONMATIAS,ANTIOQUIA,Municipio,grafia_distinta
ANTIOQUIA,Ebéjico,05240,199,EBEJICO,ANTIOQUIA,Municipio,ok
ANTIOQUIA,El Bagre,05250,973,EL BAGRE,ANTIOQUIA,Municipio,ok
ANTIOQUIA,El Carmen de Viboral,05148,1978,EL CARMEN DE VIBORAL,ANTIOQUIA,Municipio,ok
ANTIOQUIA,El Santuario,05697,924,EL SANTUARIO,ANTIOQUIA,Municipio,ok
ANTIOQUIA,Entrerrios,05264,285,ENTRERRIOS,ANTIOQUIA,Municipio,ok
ANTIOQUIA,Envigado,05266,8546,ENVIGADO,ANTIOQUIA,Municipio,ok
ANTIOQUIA,Fredonia,05282,670,FREDONIA,ANTIOQUIA,Municipio,ok
ANTIOQUIA,Frontino,05284,409,FRONTINO,ANTIOQUIA,Municipio,ok
ANTIOQUIA,Giraldo,05306,140,GIRALDO,ANTIOQUIA,Municipio,ok
ANTIOQUIA,Girardota,05308,2362,GIRARDOTA,ANTIOQUIA,Municipio,ok
ANTIOQUIA,Granada,05313,268,GRANADA,ANTIOQUIA,Municipio,ok
ANTIOQUIA,Guadalupe,05315,122,GUADALUPE,ANTIOQUIA,Municipio,ok
ANTIOQUIA,Guarne,05318,2171,GUARNE,ANTIOQUIA,Municipio,ok
ANTIOQUIA,Guatapé,05321,282,GUATAPE,ANTIOQUIA,Municipio,ok
ANTIOQUIA,Gómez Plata,05310,238,GOMEZ PLATA,ANTIOQUIA,Municipio,ok
ANTIOQUIA,Heliconia,05347,122,HELICONIA,ANTIOQUIA,Municipio,ok
ANTIOQUIA,Hispania,05353,243,HISPANIA,ANTIOQUIA,Municipio,ok
ANTIOQUIA,Itagui,05360,13720,ITAGUI,ANTIOQUIA,Municipio,ok
ANTIOQUIA,Ituango,05361,398,ITUANGO,ANTIOQUIA,Municipio,ok
ANTIOQUIA,Jardín,05364,313,JARDIN,ANTIOQUIA,Municipio,ok
ANTIOQUIA,Jericó,05368,487,JERICO,ANTIOQUIA,Municipio,ok
ANTIOQUIA,La Ceja,05376,1788,LA CEJA,ANTIOQUIA,Municipio,ok
ANTIOQUIA,La Estrella,05380,3210,LA ESTRELLA,ANTIOQUIA,Municipio,ok
ANTIOQUIA,La Pintada,05390,393,LA PINTADA,ANTIOQUIA,Municipio,ok
ANTIOQUIA,La Unión,05400,573,LA UNION,ANTIOQUIA,Municipio,ok
ANTIOQUIA,Liborina,05411,155,LIBORINA,ANTIOQUIA,Municipio,ok
ANTIOQUIA,Maceo,05425,232,MACEO,ANTIOQUIA,Municipio,ok
ANTIOQUIA,Marinilla,05440,1473,MARINILLA,ANTIOQUIA,Municipio,ok
ANTIOQUIA,Medellín (CT),00000,3,,,,codigo_inexistente
ANTIOQUIA,Medellín (CT),05001,145603,MEDELLIN,ANTIOQUIA,Municipio,ok
ANTIOQUIA,Montebello,05467,201,MONTEBELLO,ANTIOQUIA,Municipio,ok
ANTIOQUIA,Murindó,05475,44,MURINDO,ANTIOQUIA,Municipio,ok
ANTIOQUIA,Mutatá,05480,555,MUTATA,ANTIOQUIA,Municipio,ok
ANTIOQUIA,Nariño,05483,236,NARINO,ANTIOQUIA,Municipio,ok
ANTIOQUIA,Nechí,05495,327,NECHI,ANTIOQUIA,Municipio,ok
ANTIOQUIA,Necoclí,05490,768,NECOCLI,ANTIOQUIA,Municipio,ok
ANTIOQUIA,Olaya,05501,67,OLAYA,ANTIOQUIA,Municipio,ok
ANTIOQUIA,Peque,05543,105,PEQUE,ANTIOQUIA,Municipio,ok
ANTIOQUIA,Peñol,05541,470,PENOL,ANTIOQUIA,Municipio,ok
ANTIOQUIA,Pueblorrico,05576,276,PUEBLORRICO,ANTIOQUIA,Municipio,ok
ANTIOQUIA,Puerto Berrío,05579,1852,PUERTO BERRIO,ANTIOQUIA,Municipio,ok
ANTIOQUIA,Puerto Nare,05585,310,PUERTO NARE,ANTIOQUIA,Municipio,ok
ANTIOQUIA,Puerto Triunfo,05591,844,PUERTO TRIUNFO,ANTIOQUIA,Municipio,ok
ANTIOQUIA,Remedios,05604,1182,REMEDIOS,ANTIOQUIA,Municipio,ok
ANTIOQUIA,Retiro,05607,588,RETIRO,ANTIOQUIA,Municipio,ok
ANTIOQUIA,Rionegro,05615,4438,RIONEGRO,ANTIOQUIA,Municipio,ok
ANTIOQUIA,Sabanalarga,05628,139,SABANALARGA,ANTIOQUIA,Municipio,ok
ANTIOQUIA,Sabaneta,05631,4061,SABANETA,ANTIOQUIA,Municipio,ok
ANTIOQUIA,Salgar,05642,493,SALGAR,ANTIOQUIA,Municipio,ok
ANTIOQUIA,San Andrés de Cuerquía,05647,243,SAN ANDRES DE CUERQUIA,ANTIOQUIA,Municipio,ok
ANTIOQUIA,San Carlos,05649,419,SAN CARLOS,ANTIOQUIA,Municipio,ok
ANTIOQUIA,San Francisco,05652,79,SAN FRANCISCO,ANTIOQUIA,Municipio,ok
ANTIOQUIA,San Jerónimo,05656,410,SAN JERONIMO,ANTIOQUIA,Municipio,ok
ANTIOQUIA,San José de La Montaña,05658,97,SAN JOSE DE LA MONTANA,ANTIOQUIA,Municipio,ok
ANTIOQUIA,San Juan de Urabá,05659,238,SAN JUAN DE URABA,ANTIOQUIA,Municipio,ok
ANTIOQUIA,San Luis,05660,416,SAN LUIS,ANTIOQUIA,Municipio,ok
ANTIOQUIA,San Pedro,05664,1122,SAN PEDRO DE LOS MILAGROS,ANTIOQUIA,Municipio,ok
ANTIOQUIA,San Pedro de Urabá,05665,380,SAN PEDRO DE URABA,ANTIOQUIA,Municipio,ok
ANTIOQUIA,San Rafael,05667,260,SAN RAFAEL,ANTIOQUIA,Municipio,ok
ANTIOQUIA,San Roque,05670,419,SAN ROQUE,ANTIOQUIA,Municipio,ok
ANTIOQUIA,San Vicente,05674,546,SAN VICENTE FERRER,ANTIOQUIA,Municipio,ok
ANTIOQUIA,Santa Bárbara,05679,651,SANTA BARBARA,ANTIOQUIA,Municipio,ok
ANTIOQUIA,Santa Rosa de Osos,05686,1295,SANTA ROSA DE OSOS,ANTIOQUIA,Municipio,ok
ANTIOQUIA,Santafé de Antioquia,05042,1142,SANTA FE DE ANTIOQUIA,ANTIOQUIA,Municipio,grafia_distinta
ANTIOQUIA,Santo Domingo,05690,386,SANTO DOMINGO,ANTIOQUIA,Municipio,ok
ANTIOQUIA,Segovia,05736,1775,SEGOVIA,ANTIOQUIA,Municipio,ok
ANTIOQUIA,Sonson,05756,843,SONSON,ANTIOQUIA,Municipio,ok
ANTIOQUIA,Sopetrán,05761,505,SOPETRAN,ANTIOQUIA,Municipio,ok
ANTIOQUIA,Tarazá,05790,537,TARAZA,ANTIOQUIA,Municipio,ok
ANTIOQUIA,Tarso,05792,217,TARSO,ANTIOQUIA,Municipio,ok
ANTIOQUIA,Titiribí,05809,304,TITIRIBI,ANTIOQUIA,Municipio,ok
ANTIOQUIA,Toledo,05819,150,TOLEDO,ANTIOQUIA,Municipio,ok
ANTIOQUIA,Turbo,05837,3107,TURBO,ANTIOQUIA,Municipio,ok
ANTIOQUIA,Támesis,05789,389,TAMESIS,ANTIOQUIA,Municipio,ok
ANTIOQUIA,Uramita,05842,125,URAMITA,ANTIOQUIA,Municipio,ok
ANTIOQUIA,Urrao,05847,661,URRAO,ANTIOQUIA,Municipio,ok
ANTIOQUIA,Valdivia,05854,238,VALDIVIA,ANTIOQUIA,Municipio,ok
ANTIOQUIA,Valparaíso,05856,197,VALPARAISO,ANTIOQUIA,Municipio,ok
ANTIOQUIA,Vegachí,05858,364,VEGACHI,ANTIOQUIA,Municipio,ok
ANTIOQUIA,Venecia,05861,433,VENECIA,ANTIOQUIA,Municipio,ok
ANTIOQUIA,Vigía del Fuerte,05873,56,VIGIA DEL FUERTE,ANTIOQUIA,Municipio,ok
ANTIOQUIA,Yalí,05885,248,YALI,ANTIOQUIA,Municipio,ok
ANTIOQUIA,Yarumal,05887,1334,YARUMAL,ANTIOQUIA,Municipio,ok
ANTIOQUIA,Yolombó,05890,515,YOLOMBO,ANTIOQUIA,Municipio,ok
ANTIOQUIA,Yondó,05893,776,YONDO,ANTIOQUIA,Municipio,ok
ANTIOQUIA,Zaragoza,05895,638,ZARAGOZA,ANTIOQUIA,Municipio,ok
ARAUCA,Arauca (CT),81001,5635,ARAUCA,ARAUCA,Municipio,ok
ARAUCA,Arauquita,81065,916,ARAUQUITA,ARAUCA,Municipio,ok
ARAUCA,Cravo Norte,81220,136,CRAVO NORTE,ARAUCA,Municipio,ok
ARAUCA,Fortul,81300,460,FORTUL,ARAUCA,Municipio,ok
ARAUCA,Puerto Rondón,81591,183,PUERTO RONDON,ARAUCA,Municipio,ok
ARAUCA,Saravena,81736,1763,SARAVENA,ARAUCA,Municipio,ok
ARAUCA,Tame,81794,2581,TAME,ARAUCA,Municipio,ok
ATLÁNTICO,Baranoa,08078,1596,BARANOA,ATLÁNTICO,Municipio,ok
ATLÁNTICO,Barranquilla (CT),08001,41615,BARRANQUILLA,ATLÁNTICO,Municipio,ok
ATLÁNTICO,Campo de La Cruz,08137,379,CAMPO DE LA CRUZ,ATLÁNTICO,Municipio,ok
ATLÁNTICO,Candelaria,08141,352,CANDELARIA,ATLÁNTICO,Municipio,ok
ATLÁNTICO,Galapa,08296,1927,GALAPA,ATLÁNTICO,Municipio,ok
ATLÁNTICO,Juan de Acosta,08372,346,JUAN DE ACOSTA,ATLÁNTICO,Municipio,ok
ATLÁNTICO,Luruaco,08421,638,LURUACO,ATLÁNTICO,Municipio,ok
ATLÁNTICO,Malambo,08433,3942,MALAMBO,ATLÁNTICO,Municipio,ok
ATLÁNTICO,Manatí,08436,392,MANATI,ATLÁNTICO,Municipio,ok
ATLÁNTICO,Palmar de Varela,08520,484,PALMAR DE VARELA,ATLÁNTICO,Municipio,ok
ATLÁNTICO,Piojó,08549,114,PIOJO,ATLÁNTICO,Municipio,ok
ATLÁNTICO,Polonuevo,08558,366,POLONUEVO,ATLÁNTICO,Municipio,ok
ATLÁNTICO,Ponedera,08560,496,PONEDERA,ATLÁNTICO,Municipio,ok
ATLÁNTICO,Puerto Colombia,08573,1550,PUERTO COLOMBIA,ATLÁNTICO,Municipio,ok
ATLÁNTICO,Repelón,08606,585,REPELON,ATLÁNTICO,Municipio,ok
ATLÁNTICO,Sabanagrande,08634,736,SABANAGRANDE,ATLÁNTICO,Municipio,ok
ATLÁNTICO,Sabanalarga,08638,3606,SABANALARGA,ATLÁNTICO,Municipio,ok
ATLÁNTICO,Santa Lucía,08675,173,SANTA LUCIA,ATLÁNTICO,Municipio,ok
ATLÁNTICO,Santo Tomás,08685,630,SANTO TOMAS,ATLÁNTICO,Municipio,ok
ATLÁNTICO,Soledad,08758,19300,SOLEDAD,ATLÁNTICO,Municipio,ok
ATLÁNTICO,Suan,08770,129,SUAN,ATLÁNTICO,Municipio,ok
ATLÁNTICO,Tubará,08832,253,TUBARA,ATLÁNTICO,Municipio,ok
ATLÁNTICO,Usiacurí,08849,214,USIACURI,ATLÁNTICO,Municipio,ok
BOGOTA,Bogotá D.C. (CT),11001,231472,BOGOTA D C,"BOGOTÁ, D.C.",Municipio,ok
BOLÍVAR,Achí,13006,87,ACHI,BOLÍVAR,Municipio,ok
BOLÍVAR,Altos del Rosario,13030,54,ALTOS DEL ROSARIO,BOLÍVAR,Municipio,ok
BOLÍVAR,Arenal,13042,158,ARENAL,BOLÍVAR,Municipio,ok
BOLÍVAR,Arjona,13052,1781,ARJONA,BOLÍVAR,Municipio,ok
BOLÍVAR,Arroyohondo,13062,138,ARROYOHONDO,BOLÍVAR,Municipio,ok
BOLÍVAR,Barranco de Loba,13074,175,BARRANCO DE LOBA,BOLÍVAR,Municipio,ok
BOLÍVAR,Calamar,13140,638,CALAMAR,BOLÍVAR,Municipio,ok
BOLÍVAR,Cantagallo,13160,249,CANTAGALLO,BOLÍVAR,Municipio,ok
BOLÍVAR,Cartagena (CT),00000,1,,,,codigo_inexistente
BOLÍVAR,Cartagena (CT),13001,28021,CARTAGENA DE INDIAS,BOLÍVAR,Municipio,ok
BOLÍVAR,Cicuco,13188,218,CICUCO,BOLÍVAR,Municipio,ok
BOLÍVAR,Clemencia,13222,366,CLEMENCIA,BOLÍVAR,Municipio,ok
BOLÍVAR,Córdoba,13212,201,CORDOBA,BOLÍVAR,Municipio,ok
BOLÍVAR,El Carmen de Bolívar,13244,2813,EL CARMEN DE BOLIVAR,BOLÍVAR,Municipio,ok
BOLÍVAR,El Guamo,13248,133,EL GUAMO,BOLÍVAR,Municipio,ok
BOLÍVAR,El Peñón,13268,76,EL PENON,BOLÍVAR,Municipio,ok
BOLÍVAR,Hatillo de Loba,13300,116,HATILLO DE LOBA,BOLÍVAR,Municipio,ok
BOLÍVAR,Magangué,13430,4960,MAGANGUE,BOLÍVAR,Municipio,ok
BOLÍVAR,Mahates,13433,480,MAHATES,BOLÍVAR,Municipio,ok
BOLÍVAR,Margarita,13440,80,MARGARITA,BOLÍVAR,Municipio,ok
BOLÍVAR,María La Baja,13442,988,MARIA LA BAJA,BOLÍVAR,Municipio,ok
BOLÍVAR,Mompós,13468,913,SANTA CRUZ DE MOMPOX,BOLÍVAR,Municipio,grafia_distinta
BOLÍVAR,Montecristo,13458,104,MONTECRISTO,BOLÍVAR,Municipio,ok
BOLÍVAR,Morales,13473,216,MORALES,BOLÍVAR,Municipio,ok
BOLÍVAR,Norosí,13490,92,NOROSI,BOLÍVAR,Municipio,ok
BOLÍVAR,Pinillos,13549,222,PINILLOS,BOLÍVAR,Municipio,ok
BOLÍVAR,Regidor,13580,82,REGIDOR,BOLÍVAR,Municipio,ok
BOLÍVAR,Río Viejo,13600,93,RIO VIEJO,BOLÍVAR,Municipio,ok
BOLÍVAR,San Cristóbal,13620,128,SAN CRISTOBAL,BOLÍVAR,Municipio,ok
BOLÍVAR,San Estanislao,13647,371,SAN ESTANISLAO,BOLÍVAR,Municipio,ok
BOLÍVAR,San Fernando,13650,87,SAN FERNANDO,BOLÍVAR,Municipio,ok
BOLÍVAR,San Jacinto,13654,519,SAN JACINTO,BOLÍVAR,Municipio,ok
BOLÍVAR,San Jacinto del Cauca,13655,23,SAN JACINTO DEL CAUCA,BOLÍVAR,Municipio,ok
BOLÍVAR,San Juan Nepomuceno,13657,973,SAN JUAN NEPOMUCENO,BOLÍVAR,Municipio,ok
BOLÍVAR,San Martín de Loba,13667,240,SAN MARTIN DE LOBA,BOLÍVAR,Municipio,ok
BOLÍVAR,San Pablo,13670,687,SAN PABLO,BOLÍVAR,Municipio,ok
BOLÍVAR,Santa Catalina,13673,527,SANTA CATALINA,BOLÍVAR,Municipio,ok
BOLÍVAR,Santa Rosa,13683,1342,SANTA ROSA,BOLÍVAR,Municipio,ok
BOLÍVAR,Santa Rosa del Sur,13688,836,SANTA ROSA DEL SUR,BOLÍVAR,Municipio,ok
BOLÍVAR,Simití,13744,478,SIMITI,BOLÍVAR,Municipio,ok
BOLÍVAR,Soplaviento,13760,140,SOPLAVIENTO,BOLÍVAR,Municipio,ok
BOLÍVAR,Talaigua Nuevo,13780,177,TALAIGUA NUEVO,BOLÍVAR,Municipio,ok
BOLÍVAR,Tiquisio,13810,185,TIQUISIO,BOLÍVAR,Municipio,ok
BOLÍVAR,Turbaco,13836,2966,TURBACO,BOLÍVAR,Municipio,ok
BOLÍVAR,Turbaná,13838,364,TURBANA,BOLÍVAR,Municipio,ok
BOLÍVAR,Villanueva,13873,456,VILLANUEVA,BOLÍVAR,Municipio,ok
BOLÍVAR,Zambrano,13894,248,ZAMBRANO,BOLÍVAR,Municipio,ok
BOYACÁ,Almeida,15022,58,ALMEIDA,BOYACÁ,Municipio,ok
BOYACÁ,Aquitania,15047,676,AQUITANIA,BOYACÁ,Municipio,ok
BOYACÁ,Arcabuco,15051,282,ARCABUCO,BOYACÁ,Municipio,ok
BOYACÁ,Belén,15087,354,BELEN,BOYACÁ,Municipio,ok
BOYACÁ,Berbeo,15090,50,BERBEO,BOYACÁ,Municipio,ok
BOYACÁ,Betéitiva,15092,29,BETEITIVA,BOYACÁ,Municipio,ok
BOYACÁ,Boavita,15097,138,BOAVITA,BOYACÁ,Municipio,ok
BOYACÁ,Boyacá,15104,225,BOYACA,BOYACÁ,Municipio,ok
BOYACÁ,Briceño,15106,64,BRICENO,BOYACÁ,Municipio,ok
BOYACÁ,Buenavista,15109,302,BUENAVISTA,BOYACÁ,Municipio,ok
BOYACÁ,Busbanzá,15114,41,BUSBANZA,BOYACÁ,Municipio,ok
BOYACÁ,Caldas,15131,128,CALDAS,BOYACÁ,Municipio,ok
BOYACÁ,Campohermoso,15135,76,CAMPOHERMOSO,BOYACÁ,Municipio,ok
BOYACÁ,Cerinza,15162,144,CERINZA,BOYACÁ,Municipio,ok
BOYACÁ,Chinavita,15172,81,CHINAVITA,BOYACÁ,Municipio,ok
BOYACÁ,Chiquinquirá,15176,3424,CHIQUINQUIRA,BOYACÁ,Municipio,ok
BOYACÁ,Chiscas,15180,63,CHISCAS,BOYACÁ,Municipio,ok
BOYACÁ,Chita,15183,89,CHITA,BOYACÁ,Municipio,ok
BOYACÁ,Chitaraque,15185,310,CHITARAQUE,BOYACÁ,Municipio,ok
BOYACÁ,Chivatá,15187,103,CHIVATA,BOYACÁ,Municipio,ok
BOYACÁ,Chivor,15236,72,CHIVOR,BOYACÁ,Municipio,ok
BOYACÁ,Chíquiza,15232,114,CHIQUIZA,BOYACÁ,Municipio,ok
BOYACÁ,Ciénega,15189,146,CIENEGA,BOYACÁ,Municipio,ok
BOYACÁ,Coper,15212,125,COPER,BOYACÁ,Municipio,ok
BOYACÁ,Corrales,15215,88,CORRALES,BOYACÁ,Municipio,ok
BOYACÁ,Covarachía,15218,44,COVARACHIA,BOYACÁ,Municipio,ok
BOYACÁ,Cubará,15223,144,CUBARA,BOYACÁ,Municipio,ok
BOYACÁ,Cucaita,15224,167,CUCAITA,BOYACÁ,Municipio,ok
BOYACÁ,Cuítiva,15226,199,CUITIVA,BOYACÁ,Municipio,ok
BOYACÁ,Cómbita,15204,493,COMBITA,BOYACÁ,Municipio,ok
BOYACÁ,Duitama,15238,7524,DUITAMA,BOYACÁ,Municipio,ok
BOYACÁ,El Cocuy,15244,117,EL COCUY,BOYACÁ,Municipio,ok
BOYACÁ,El Espino,15248,47,EL ESPINO,BOYACÁ,Municipio,ok
BOYACÁ,Firavitoba,15272,207,FIRAVITOBA,BOYACÁ,Municipio,ok
BOYACÁ,Floresta,15276,107,FLORESTA,BOYACÁ,Municipio,ok
BOYACÁ,Gachantivá,15293,175,GACHANTIVA,BOYACÁ,Municipio,ok
BOYACÁ,Gameza,15296,180,GAMEZA,BOYACÁ,Municipio,ok
BOYACÁ,Garagoa,15299,757,GARAGOA,BOYACÁ,Municipio,ok
BOYACÁ,Guacamayas,15317,25,GUACAMAYAS,BOYACÁ,Municipio,ok
BOYACÁ,Guateque,15322,563,GUATEQUE,BOYACÁ,Municipio,ok
BOYACÁ,Guayatá,15325,110,GUAYATA,BOYACÁ,Municipio,ok
BOYACÁ,Güicán,15332,69,GUICAN DE LA SIERRA,BOYACÁ,Municipio,ok
BOYACÁ,Iza,15362,86,IZA,BOYACÁ,Municipio,ok
BOYACÁ,Jenesano,15367,265,JENESANO,BOYACÁ,Municipio,ok
BOYACÁ,Jericó,15368,69,JERICO,BOYACÁ,Municipio,ok
BOYACÁ,La Capilla,15380,80,LA CAPILLA,BOYACÁ,Municipio,ok
BOYACÁ,La Uvita,15403,66,LA UVITA,BOYACÁ,Municipio,ok
BOYACÁ,La Victoria,15401,22,LA VICTORIA,BOYACÁ,Municipio,ok
BOYACÁ,Labranzagrande,15377,146,LABRANZAGRANDE,BOYACÁ,Municipio,ok
BOYACÁ,Macanal,15425,73,MACANAL,BOYACÁ,Municipio,ok
BOYACÁ,Maripí,15442,228,MARIPI,BOYACÁ,Municipio,ok
BOYACÁ,Miraflores,15455,532,MIRAFLORES,BOYACÁ,Municipio,ok
BOYACÁ,Mongua,15464,127,MONGUA,BOYACÁ,Municipio,ok
BOYACÁ,Monguí,15466,143,MONGUI,BOYACÁ,Municipio,ok
BOYACÁ,Moniquirá,15469,1401,MONIQUIRA,BOYACÁ,Municipio,ok
BOYACÁ,Motavita,15476,322,MOTAVITA,BOYACÁ,Municipio,ok
BOYACÁ,Muzo,15480,382,MUZO,BOYACÁ,Municipio,ok
BOYACÁ,Nobsa,15491,548,NOBSA,BOYACÁ,Municipio,ok
BOYACÁ,Nuevo Colón,15494,235,NUEVO COLON,BOYACÁ,Municipio,ok
BOYACÁ,Oicatá,15500,141,OICATA,BOYACÁ,Municipio,ok
BOYACÁ,Otanche,15507,307,OTANCHE,BOYACÁ,Municipio,ok
BOYACÁ,Pachavita,15511,81,PACHAVITA,BOYACÁ,Municipio,ok
BOYACÁ,Paipa,15516,1154,PAIPA,BOYACÁ,Municipio,ok
BOYACÁ,Pajarito,15518,179,PAJARITO,BOYACÁ,Municipio,ok
BOYACÁ,Panqueba,15522,53,PANQUEBA,BOYACÁ,Municipio,ok
BOYACÁ,Pauna,15531,283,PAUNA,BOYACÁ,Municipio,ok
BOYACÁ,Paya,15533,120,PAYA,BOYACÁ,Municipio,ok
BOYACÁ,Paz de Río,15537,94,PAZ DE RIO,BOYACÁ,Municipio,ok
BOYACÁ,Pesca,15542,218,PESCA,BOYACÁ,Municipio,ok
BOYACÁ,Pisba,15550,55,PISBA,BOYACÁ,Municipio,ok
BOYACÁ,Puerto Boyacá,15572,2746,PUERTO BOYACA,BOYACÁ,Municipio,ok
BOYACÁ,Páez,15514,97,PAEZ,BOYACÁ,Municipio,ok
BOYACÁ,Quípama,15580,138,QUIPAMA,BOYACÁ,Municipio,ok
BOYACÁ,Ramiriquí,15599,632,RAMIRIQUI,BOYACÁ,Municipio,ok
BOYACÁ,Rondón,15621,72,RONDON,BOYACÁ,Municipio,ok
BOYACÁ,Ráquira,15600,286,RAQUIRA,BOYACÁ,Municipio,ok
BOYACÁ,Saboyá,15632,435,SABOYA,BOYACÁ,Municipio,ok
BOYACÁ,Samacá,15646,1045,SAMACA,BOYACÁ,Municipio,ok
BOYACÁ,San Eduardo,15660,74,SAN EDUARDO,BOYACÁ,Municipio,ok
BOYACÁ,San José de Pare,15664,273,SAN JOSE DE PARE,BOYACÁ,Municipio,ok
BOYACÁ,San Luis de Gaceno,15667,135,SAN LUIS DE GACENO,BOYACÁ,Municipio,ok
BOYACÁ,San Mateo,15673,73,SAN MATEO,BOYACÁ,Municipio,ok
BOYACÁ,San Miguel de Sema,15676,120,SAN MIGUEL DE SEMA,BOYACÁ,Municipio,ok
BOYACÁ,San Pablo de Borbur,15681,244,SAN PABLO DE BORBUR,BOYACÁ,Municipio,ok
BOYACÁ,Santa María,15690,123,SANTA MARIA,BOYACÁ,Municipio,ok
BOYACÁ,Santa Rosa de Viterbo,15693,379,SANTA ROSA DE VITERBO,BOYACÁ,Municipio,ok
BOYACÁ,Santa Sofía,15696,240,SANTA SOFIA,BOYACÁ,Municipio,ok
BOYACÁ,Santana,15686,398,SANTANA,BOYACÁ,Municipio,ok
BOYACÁ,Sativanorte,15720,64,SATIVANORTE,BOYACÁ,Municipio,ok
BOYACÁ,Sativasur,15723,28,SATIVASUR,BOYACÁ,Municipio,ok
BOYACÁ,Siachoque,15740,305,SIACHOQUE,BOYACÁ,Municipio,ok
BOYACÁ,Soatá,15753,328,SOATA,BOYACÁ,Municipio,ok
BOYACÁ,Socha,15757,189,SOCHA,BOYACÁ,Municipio,ok
BOYACÁ,Socotá,15755,139,SOCOTA,BOYACÁ,Municipio,ok
BOYACÁ,Sogamoso,15759,5985,SOGAMOSO,BOYACÁ,Municipio,ok
BOYACÁ,Somondoco,15761,57,SOMONDOCO,BOYACÁ,Municipio,ok
BOYACÁ,Sora,15762,147,SORA,BOYACÁ,Municipio,ok
BOYACÁ,Soracá,15764,388,SORACA,BOYACÁ,Municipio,ok
BOYACÁ,Sotaquirá,15763,350,SOTAQUIRA,BOYACÁ,Municipio,ok
BOYACÁ,Susacón,15774,67,SUSACON,BOYACÁ,Municipio,ok
BOYACÁ,Sutamarchán,15776,177,SUTAMARCHAN,BOYACÁ,Municipio,ok
BOYACÁ,Sutatenza,15778,88,SUTATENZA,BOYACÁ,Municipio,ok
BOYACÁ,Sáchica,15638,247,SACHICA,BOYACÁ,Municipio,ok
BOYACÁ,Tasco,15790,160,TASCO,BOYACÁ,Municipio,ok
BOYACÁ,Tenza,15798,65,TENZA,BOYACÁ,Municipio,ok
BOYACÁ,Tibaná,15804,262,TIBANA,BOYACÁ,Municipio,ok
BOYACÁ,Tibasosa,15806,630,TIBASOSA,BOYACÁ,Municipio,ok
BOYACÁ,Tinjacá,15808,168,TINJACA,BOYACÁ,Municipio,ok
BOYACÁ,Tipacoque,15810,78,TIPACOQUE,BOYACÁ,Municipio,ok
BOYACÁ,Toca,15814,302,TOCA,BOYACÁ,Municipio,ok
BOYACÁ,Togüí,15816,265,TOGUI,BOYACÁ,Municipio,ok
BOYACÁ,Tota,15822,118,TOTA,BOYACÁ,Municipio,ok
BOYACÁ,Tunja (CT),15001,12516,TUNJA,BOYACÁ,Municipio,ok
BOYACÁ,Tununguá,15832,63,TUNUNGUA,BOYACÁ,Municipio,ok
BOYACÁ,Turmequé,15835,297,TURMEQUE,BOYACÁ,Municipio,ok
BOYACÁ,Tuta,15837,328,TUTA,BOYACÁ,Municipio,ok
BOYACÁ,Tutazá,15839,68,TUTAZA,BOYACÁ,Municipio,ok
BOYACÁ,Tópaga,15820,138,TOPAGA,BOYACÁ,Municipio,ok
BOYACÁ,Umbita,15842,155,UMBITA,BOYACÁ,Municipio,ok
BOYACÁ,Ventaquemada,15861,755,VENTAQUEMADA,BOYACÁ,Municipio,ok
BOYACÁ,Villa de Leyva,15407,898,VILLA DE LEYVA,BOYACÁ,Municipio,ok
BOYACÁ,Viracachá,15879,166,VIRACACHA,BOYACÁ,Municipio,ok
BOYACÁ,Zetaquira,15897,230,ZETAQUIRA,BOYACÁ,Municipio,ok
CALDAS,Aguadas,17013,436,AGUADAS,CALDAS,Municipio,ok
CALDAS,Anserma,17042,1007,ANSERMA,CALDAS,Municipio,ok
CALDAS,Aranzazu,17050,246,ARANZAZU,CALDAS,Municipio,ok
CALDAS,Belalcázar,17088,250,BELALCAZAR,CALDAS,Municipio,ok
CALDAS,Chinchiná,17174,2258,CHINCHINA,CALDAS,Municipio,ok
CALDAS,Filadelfia,17272,186,FILADELFIA,CALDAS,Municipio,ok
CALDAS,La Dorada,17380,3389,LA DORADA,CALDAS,Municipio,ok
CALDAS,La Merced,17388,136,LA MERCED,CALDAS,Municipio,ok
CALDAS,Manizales (CT),17001,9693,MANIZALES,CALDAS,Municipio,ok
CALDAS,Manzanares,17433,576,MANZANARES,CALDAS,Municipio,ok
CALDAS,Marmato,17442,213,MARMATO,CALDAS,Municipio,ok
CALDAS,Marquetalia,17444,221,MARQUETALIA,CALDAS,Municipio,ok
CALDAS,Marulanda,17446,53,MARULANDA,CALDAS,Municipio,ok
CALDAS,Neira,17486,502,NEIRA,CALDAS,Municipio,ok
CALDAS,Norcasia,17495,198,NORCASIA,CALDAS,Municipio,ok
CALDAS,Palestina,17524,604,PALESTINA,CALDAS,Municipio,ok
CALDAS,Pensilvania,17541,407,PENSILVANIA,CALDAS,Municipio,ok
CALDAS,Pácora,17513,201,PACORA,CALDAS,Municipio,ok
CALDAS,Riosucio,17614,1345,RIOSUCIO,CALDAS,Municipio,ok
CALDAS,Risaralda,17616,233,RISARALDA,CALDAS,Municipio,ok
CALDAS,Salamina,17653,456,SALAMINA,CALDAS,Municipio,ok
CALDAS,Samaná,17662,369,SAMANA,CALDAS,Municipio,ok
CALDAS,San José,17665,141,SAN JOSE,CALDAS,Municipio,ok
CALDAS,Supía,17777,680,SUPIA,CALDAS,Municipio,ok
CALDAS,Victoria,17867,317,VICTORIA,CALDAS,Municipio,ok
CALDAS,Villamaría,17873,1542,VILLAMARIA,CALDAS,Municipio,ok
CALDAS,Viterbo,17877,338,VITERBO,CALDAS,Municipio,ok
CAQUETÁ,Albania,18029,134,ALBANIA,CAQUETÁ,Municipio,ok
CAQUETÁ,Belén de Los Andaquies,18094,448,BELEN DE LOS ANDAQUIES,CAQUETÁ,Municipio,ok
CAQUETÁ,Cartagena del Chairá,18150,687,CARTAGENA DEL CHAIRA,CAQUETÁ,Municipio,ok
CAQUETÁ,Curillo,18205,250,CURILLO,CAQUETÁ,Municipio,ok
CAQUETÁ,El Doncello,18247,555,EL DONCELLO,CAQUETÁ,Municipio,ok
CAQUETÁ,El Paujil,18256,439,EL PAUJIL,CAQUETÁ,Municipio,ok
CAQUETÁ,Florencia (CT),18001,9681,FLORENCIA,CAQUETÁ,Municipio,ok
CAQUETÁ,La Montañita,18410,341,LA MONTANITA,CAQUETÁ,Municipio,ok
CAQUETÁ,Milán,18460,165,MILAN,CAQUETÁ,Municipio,ok
CAQUETÁ,Morelia,18479,138,MORELIA,CAQUETÁ,Municipio,ok
CAQUETÁ,Puerto Rico,18592,889,PUERTO RICO,CAQUETÁ,Municipio,ok
CAQUETÁ,San José del Fragua,18610,407,SAN JOSE DEL FRAGUA,CAQUETÁ,Municipio,ok
CAQUETÁ,San Vicente del Caguán,18753,2337,SAN VICENTE DEL CAGUAN,CAQUETÁ,Municipio,ok
CAQUETÁ,Solano,18756,164,SOLANO,CAQUETÁ,Municipio,ok
CAQUETÁ,Solita,18785,128,SOLITA,CAQUETÁ,Municipio,ok
CAQUETÁ,Valparaíso,18860,207,VALPARAISO,CAQUETÁ,Municipio,ok
CASANARE,Aguazul,85010,1801,AGUAZUL,CASANARE,Municipio,ok
CASANARE,Chameza,85015,51,CHAMEZA,CASANARE,Municipio,ok
CASANARE,Hato Corozal,85125,579,HATO COROZAL,CASANARE,Municipio,ok
CASANARE,La Salina,85136,17,LA SALINA,CASANARE,Municipio,ok
CASANARE,Maní,85139,721,MANI,CASANARE,Municipio,ok
CASANARE,Monterrey,85162,919,MONTERREY,CASANARE,Municipio,ok
CASANARE,Nunchía,85225,389,NUNCHIA,CASANARE,Municipio,ok
CASANARE,Orocué,85230,580,OROCUE,CASANARE,Municipio,ok
CASANARE,Paz de Ariporo,85250,2463,PAZ DE ARIPORO,CASANARE,Municipio,ok
CASANARE,Pore,85263,842,PORE,CASANARE,Municipio,ok
CASANARE,Recetor,85279,28,RECETOR,CASANARE,Municipio,ok
CASANARE,Sabanalarga,85300,111,SABANALARGA,CASANARE,Municipio,ok
CASANARE,San Luis de Palenque,85325,377,SAN LUIS DE PALENQUE,CASANARE,Municipio,ok
CASANARE,Sácama,85315,15,SACAMA,CASANARE,Municipio,ok
CASANARE,Tauramena,85410,1230,TAURAMENA,CASANARE,Municipio,ok
CASANARE,Trinidad,85430,545,TRINIDAD,CASANARE,Municipio,ok
CASANARE,Támara,85400,183,TAMARA,CASANARE,Municipio,ok
CASANARE,Villanueva,85440,1137,VILLANUEVA,CASANARE,Municipio,ok
CASANARE,Yopal (CT),85001,10251,YOPAL,CASANARE,Municipio,ok
CAUCA,Almaguer,19022,184,ALMAGUER,CAUCA,Municipio,ok
CAUCA,Argelia,19050,499,ARGELIA,CAUCA,Municipio,ok
CAUCA,Balboa,19075,486,BALBOA,CAUCA,Municipio,ok
CAUCA,Bolívar,19100,516,BOLIVAR,CAUCA,Municipio,ok
CAUCA,Buenos Aires,19110,489,BUENOS AIRES,CAUCA,Municipio,ok
CAUCA,Cajibío,19130,1613,CAJIBIO,CAUCA,Municipio,ok
CAUCA,Caldono,19137,754,CALDONO,CAUCA,Municipio,ok
CAUCA,Caloto,19142,1853,CALOTO,CAUCA,Municipio,ok
CAUCA,Corinto,19212,1208,CORINTO,CAUCA,Municipio,ok
CAUCA,El Tambo,19256,2049,EL TAMBO,CAUCA,Municipio,ok
CAUCA,Florencia,19290,115,FLORENCIA,CAUCA,Municipio,ok
CAUCA,Guachené,19300,1066,GUACHENE,CAUCA,Municipio,ok
CAUCA,Guapi,19318,408,GUAPI,CAUCA,Municipio,ok
CAUCA,Inzá,19355,784,INZA,CAUCA,Municipio,ok
CAUCA,Jambaló,19364,132,JAMBALO,CAUCA,Municipio,ok
CAUCA,La Sierra,19392,369,LA SIERRA,CAUCA,Municipio,ok
CAUCA,La Vega,19397,335,LA VEGA,CAUCA,Municipio,ok
CAUCA,López,19418,83,LOPEZ DE MICAY,CAUCA,Municipio,ok
CAUCA,Mercaderes,19450,614,MERCADERES,CAUCA,Municipio,ok
CAUCA,Miranda,19455,1322,MIRANDA,CAUCA,Municipio,ok
CAUCA,Morales,19473,741,MORALES,CAUCA,Municipio,ok
CAUCA,Padilla,19513,347,PADILLA,CAUCA,Municipio,ok
CAUCA,Paez,19517,668,PAEZ,CAUCA,Municipio,ok
CAUCA,Patía,19532,1412,PATIA,CAUCA,Municipio,ok
CAUCA,Piamonte,19533,143,PIAMONTE,CAUCA,Municipio,ok
CAUCA,Piendamó,19548,2338,PIENDAMO TUNIA,CAUCA,Municipio,ok
CAUCA,Popayán (CT),19001,29741,POPAYAN,CAUCA,Municipio,ok
CAUCA,Puerto Tejada,19573,4184,PUERTO TEJADA,CAUCA,Municipio,ok
CAUCA,Puracé,19585,405,PURACE,CAUCA,Municipio,ok
CAUCA,Rosas,19622,500,ROSAS,CAUCA,Municipio,ok
CAUCA,San Sebastián,19693,74,SAN SEBASTIAN,CAUCA,Municipio,ok
CAUCA,Santa Rosa,19701,85,SANTA ROSA,CAUCA,Municipio,ok
CAUCA,Santander de Quilichao,19698,8183,SANTANDER DE QUILICHAO,CAUCA,Municipio,ok
CAUCA,Silvia,19743,687,SILVIA,CAUCA,Municipio,ok
CAUCA,Sotara,19760,385,SOTARA PAISPAMBA,CAUCA,Municipio,ok
CAUCA,Sucre,19785,96,SUCRE,CAUCA,Municipio,ok
CAUCA,Suárez,19780,479,SUAREZ,CAUCA,Municipio,ok
CAUCA,Timbiquí,19809,169,TIMBIQUI,CAUCA,Municipio,ok
CAUCA,Timbío,19807,2456,TIMBIO,CAUCA,Municipio,ok
CAUCA,Toribio,19821,453,TORIBIO,CAUCA,Municipio,ok
CAUCA,Totoró,19824,673,TOTORO,CAUCA,Municipio,ok
CAUCA,Villa Rica,19845,2343,VILLA RICA,CAUCA,Municipio,ok
CESAR,Aguachica,20011,6445,AGUACHICA,CESAR,Municipio,ok
CESAR,Agustín Codazzi,20013,2111,AGUSTIN CODAZZI,CESAR,Municipio,ok
CESAR,Astrea,20032,325,ASTREA,CESAR,Municipio,ok
CESAR,Becerril,20045,598,BECERRIL,CESAR,Municipio,ok
CESAR,Bosconia,20060,1281,BOSCONIA,CESAR,Municipio,ok
CESAR,Chimichagua,20175,323,CHIMICHAGUA,CESAR,Municipio,ok
CESAR,Chiriguaná,20178,1154,CHIRIGUANA,CESAR,Municipio,ok
CESAR,Curumaní,20228,1076,CURUMANI,CESAR,Municipio,ok
CESAR,El Copey,20238,746,EL COPEY,CESAR,Municipio,ok
CESAR,El Paso,20250,1166,EL PASO,CESAR,Municipio,ok
CESAR,Gamarra,20295,393,GAMARRA,CESAR,Municipio,ok
CESAR,González,20310,99,GONZALEZ,CESAR,Municipio,ok
CESAR,La Gloria,20383,526,LA GLORIA,CESAR,Municipio,ok
CESAR,La Jagua de Ibirico,20400,1535,LA JAGUA DE IBIRICO,CESAR,Municipio,ok
CESAR,La Paz,20621,1026,LA PAZ,CESAR,Municipio,ok
CESAR,Manaure,20443,220,MANAURE BALCON DEL CESAR,CESAR,Municipio,ok
CESAR,Pailitas,20517,572,PAILITAS,CESAR,Municipio,ok
CESAR,Pelaya,20550,595,PELAYA,CESAR,Municipio,ok
CESAR,Pueblo Bello,20570,564,PUEBLO BELLO,CESAR,Municipio,ok
CESAR,Río de Oro,20614,692,RIO DE ORO,CESAR,Municipio,ok
CESAR,San Alberto,20710,971,SAN ALBERTO,CESAR,Municipio,ok
CESAR,San Diego,20750,693,SAN DIEGO,CESAR,Municipio,ok
CESAR,San Martín,20770,967,SAN MARTIN,CESAR,Municipio,ok
CESAR,Tamalameque,20787,329,TAMALAMEQUE,CESAR,Municipio,ok
CESAR,Valledupar (CT),20001,20494,VALLEDUPAR,CESAR,Municipio,ok
CHOCÓ,Acandí,27006,213,ACANDI,CHOCÓ,Municipio,ok
CHOCÓ,Alto Baudó,27025,43,ALTO BAUDO,CHOCÓ,Municipio,ok
CHOCÓ,Atrato,27050,156,ATRATO,CHOCÓ,Municipio,ok
CHOCÓ,Bagadó,27073,75,BAGADO,CHOCÓ,Municipio,ok
CHOCÓ,Bahía Solano,27075,290,BAHIA SOLANO,CHOCÓ,Municipio,ok
CHOCÓ,Bajo Baudó,27077,89,BAJO BAUDO,CHOCÓ,Municipio,ok
CHOCÓ,Bojayá,27099,42,BOJAYA,CHOCÓ,Municipio,ok
CHOCÓ,Carmen del Darien,27150,5,CARMEN DEL DARIEN,CHOCÓ,Municipio,ok
CHOCÓ,Condoto,27205,232,CONDOTO,CHOCÓ,Municipio,ok
CHOCÓ,Cértegui,27160,49,CERTEGUI,CHOCÓ,Municipio,ok
CHOCÓ,El Cantón del San Pablo,27135,31,EL CANTON DEL SAN PABLO,CHOCÓ,Municipio,ok
CHOCÓ,El Carmen de Atrato,27245,234,EL CARMEN DE ATRATO,CHOCÓ,Municipio,ok
CHOCÓ,El Litoral del San Juan,27250,52,EL LITORAL DEL SAN JUAN,CHOCÓ,Municipio,ok
CHOCÓ,Istmina,27361,862,ISTMINA,CHOCÓ,Municipio,ok
CHOCÓ,Juradó,27372,32,JURADO,CHOCÓ,Municipio,ok
CHOCÓ,Lloró,27413,93,LLORO,CHOCÓ,Municipio,ok
CHOCÓ,Medio Atrato,27425,29,MEDIO ATRATO,CHOCÓ,Municipio,ok
CHOCÓ,Medio Baudó,27430,48,MEDIO BAUDO,CHOCÓ,Municipio,ok
CHOCÓ,Medio San Juan,27450,50,MEDIO SAN JUAN,CHOCÓ,Municipio,ok
CHOCÓ,Nuquí,27495,136,NUQUI,CHOCÓ,Municipio,ok
CHOCÓ,Nóvita,27491,89,NOVITA,CHOCÓ,Municipio,ok
CHOCÓ,Quibdó (CT),27001,7841,QUIBDO,CHOCÓ,Municipio,ok
CHOCÓ,Riosucio,27615,392,RIOSUCIO,CHOCÓ,Municipio,ok
CHOCÓ,Río Iro,27580,40,RIO IRO,CHOCÓ,Municipio,ok
CHOCÓ,Río Quito,27600,29,RIO QUITO,CHOCÓ,Municipio,ok
CHOCÓ,San José del Palmar,27660,84,SAN JOSE DEL PALMAR,CHOCÓ,Municipio,ok
CHOCÓ,Sipí,27745,27,SIPI,CHOCÓ,Municipio,ok
CHOCÓ,Tadó,27787,360,TADO,CHOCÓ,Municipio,ok
CHOCÓ,Unguía,27800,130,UNGUIA,CHOCÓ,Municipio,ok
CHOCÓ,Unión Panamericana,27810,103,UNION PANAMERICANA,CHOCÓ,Municipio,ok
CUNDINAMARCA,Agua de Dios,25001,307,AGUA DE DIOS,CUNDINAMARCA,Municipio,ok
CUNDINAMARCA,Albán,25019,251,ALBAN,CUNDINAMARCA,Municipio,ok
CUNDINAMARCA,Anapoima,25035,500,ANAPOIMA,CUNDINAMARCA,Municipio,ok
CUNDINAMARCA,Anolaima,25040,273,ANOLAIMA,CUNDINAMARCA,Municipio,ok
CUNDINAMARCA,Apulo,25599,212,APULO,CUNDINAMARCA,Municipio,ok
CUNDINAMARCA,Arbeláez,25053,415,ARBELAEZ,CUNDINAMARCA,Municipio,ok
CUNDINAMARCA,Beltrán,25086,69,BELTRAN,CUNDINAMARCA,Municipio,ok
CUNDINAMARCA,Bituima,25095,71,BITUIMA,CUNDINAMARCA,Municipio,ok
CUNDINAMARCA,Bojacá,25099,408,BOJACA,CUNDINAMARCA,Municipio,ok
CUNDINAMARCA,Cabrera,25120,204,CABRERA,CUNDINAMARCA,Municipio,ok
CUNDINAMARCA,Cachipay,25123,298,CACHIPAY,CUNDINAMARCA,Municipio,ok
CUNDINAMARCA,Cajicá,25126,2408,CAJICA,CUNDINAMARCA,Municipio,ok
CUNDINAMARCA,Caparrapí,25148,228,CAPARRAPI,CUNDINAMARCA,Municipio,ok
CUNDINAMARCA,Caqueza,25151,631,CAQUEZA,CUNDINAMARCA,Municipio,ok
CUNDINAMARCA,Carmen de Carupa,25154,328,CARMEN DE CARUPA,CUNDINAMARCA,Municipio,ok
CUNDINAMARCA,Chaguaní,25168,99,CHAGUANI,CUNDINAMARCA,Municipio,ok
CUNDINAMARCA,Chipaque,25178,323,CHIPAQUE,CUNDINAMARCA,Municipio,ok
CUNDINAMARCA,Choachí,25181,281,CHOACHI,CUNDINAMARCA,Municipio,ok
CUNDINAMARCA,Chocontá,25183,605,CHOCONTA,CUNDINAMARCA,Municipio,ok
CUNDINAMARCA,Chía,25175,4600,CHIA,CUNDINAMARCA,Municipio,ok
CUNDINAMARCA,Cogua,25200,913,COGUA,CUNDINAMARCA,Municipio,ok
CUNDINAMARCA,Cota,25214,876,COTA,CUNDINAMARCA,Municipio,ok
CUNDINAMARCA,Cucunubá,25224,356,CUCUNUBA,CUNDINAMARCA,Municipio,ok
CUNDINAMARCA,El Colegio,25245,808,EL COLEGIO,CUNDINAMARCA,Municipio,ok
CUNDINAMARCA,El Peñón,25258,117,EL PENON,CUNDINAMARCA,Municipio,ok
CUNDINAMARCA,El Rosal,25260,836,EL ROSAL,CUNDINAMARCA,Municipio,ok
CUNDINAMARCA,Facatativá,25269,5505,FACATATIVA,CUNDINAMARCA,Municipio,ok
CUNDINAMARCA,Fomeque,25279,280,FOMEQUE,CUNDINAMARCA,Municipio,ok
CUNDINAMARCA,Fosca,25281,123,FOSCA,CUNDINAMARCA,Municipio,ok
CUNDINAMARCA,Funza,25286,3322,FUNZA,CUNDINAMARCA,Municipio,ok
CUNDINAMARCA,Fusagasugá,25290,6455,FUSAGASUGA,CUNDINAMARCA,Municipio,ok
CUNDINAMARCA,Fúquene,25288,246,FUQUENE,CUNDINAMARCA,Municipio,ok
CUNDINAMARCA,Gachala,25293,115,GACHALA,CUNDINAMARCA,Municipio,ok
CUNDINAMARCA,Gachancipá,25295,889,GACHANCIPA,CUNDINAMARCA,Municipio,ok
CUNDINAMARCA,Gachetá,25297,353,GACHETA,CUNDINAMARCA,Municipio,ok
CUNDINAMARCA,Gama,25299,97,GAMA,CUNDINAMARCA,Municipio,ok
CUNDINAMARCA,Girardot,25307,5241,GIRARDOT,CUNDINAMARCA,Municipio,ok
CUNDINAMARCA,Granada,25312,406,GRANADA,CUNDINAMARCA,Municipio,ok
CUNDINAMARCA,Guachetá,25317,521,GUACHETA,CUNDINAMARCA,Municipio,ok
CUNDINAMARCA,Guaduas,25320,931,GUADUAS,CUNDINAMARCA,Municipio,ok
CUNDINAMARCA,Guasca,25322,542,GUASCA,CUNDINAMARCA,Municipio,ok
CUNDINAMARCA,Guataquí,25324,61,GUATAQUI,CUNDINAMARCA,Municipio,ok
CUNDINAMARCA,Guatavita,25326,239,GUATAVITA,CUNDINAMARCA,Municipio,ok
CUNDINAMARCA,Guayabal de Siquima,25328,126,GUAYABAL DE SIQUIMA,CUNDINAMARCA,Municipio,ok
CUNDINAMARCA,Guayabetal,25335,112,GUAYABETAL,CUNDINAMARCA,Municipio,ok
CUNDINAMARCA,Gutiérrez,25339,135,GUTIERREZ,CUNDINAMARCA,Municipio,ok
CUNDINAMARCA,Jerusalén,25368,85,JERUSALEN,CUNDINAMARCA,Municipio,ok
CUNDINAMARCA,Junín,25372,137,JUNIN,CUNDINAMARCA,Municipio,ok
CUNDINAMARCA,La Calera,25377,1253,LA CALERA,CUNDINAMARCA,Municipio,ok
CUNDINAMARCA,La Mesa,25386,1465,LA MESA,CUNDINAMARCA,Municipio,ok
CUNDINAMARCA,La Palma,25394,176,LA PALMA,CUNDINAMARCA,Municipio,ok
CUNDINAMARCA,La Peña,25398,139,LA PENA,CUNDINAMARCA,Municipio,ok
CUNDINAMARCA,La Vega,25402,641,LA VEGA,CUNDINAMARCA,Municipio,ok
CUNDINAMARCA,Lenguazaque,25407,324,LENGUAZAQUE,CUNDINAMARCA,Municipio,ok
CUNDINAMARCA,Macheta,25426,139,MACHETA,CUNDINAMARCA,Municipio,ok
CUNDINAMARCA,Madrid,25430,4571,MADRID,CUNDINAMARCA,Municipio,ok
CUNDINAMARCA,Manta,25436,72,MANTA,CUNDINAMARCA,Municipio,ok
CUNDINAMARCA,Medina,25438,283,MEDINA,CUNDINAMARCA,Municipio,ok
CUNDINAMARCA,Mosquera,25473,5086,MOSQUERA,CUNDINAMARCA,Municipio,ok
CUNDINAMARCA,Nariño,25483,59,NARINO,CUNDINAMARCA,Municipio,ok
CUNDINAMARCA,Nemocón,25486,625,NEMOCON,CUNDINAMARCA,Municipio,ok
CUNDINAMARCA,Nilo,25488,307,NILO,CUNDINAMARCA,Municipio,ok
CUNDINAMARCA,Nimaima,25489,103,NIMAIMA,CUNDINAMARCA,Municipio,ok
CUNDINAMARCA,Nocaima,25491,135,NOCAIMA,CUNDINAMARCA,Municipio,ok
CUNDINAMARCA,Pacho,25513,774,PACHO,CUNDINAMARCA,Municipio,ok
CUNDINAMARCA,Paime,25518,74,PAIME,CUNDINAMARCA,Municipio,ok
CUNDINAMARCA,Pandi,25524,155,PANDI,CUNDINAMARCA,Municipio,ok
CUNDINAMARCA,Paratebueno,25530,277,PARATEBUENO,CUNDINAMARCA,Municipio,ok
CUNDINAMARCA,Pasca,25535,481,PASCA,CUNDINAMARCA,Municipio,ok
CUNDINAMARCA,Puerto Salgar,25572,533,PUERTO SALGAR,CUNDINAMARCA,Municipio,ok
CUNDINAMARCA,Pulí,25580,70,PULI,CUNDINAMARCA,Municipio,ok
CUNDINAMARCA,Quebradanegra,25592,161,QUEBRADANEGRA,CUNDINAMARCA,Municipio,ok
CUNDINAMARCA,Quetame,25594,159,QUETAME,CUNDINAMARCA,Municipio,ok
CUNDINAMARCA,Quipile,25596,162,QUIPILE,CUNDINAMARCA,Municipio,ok
CUNDINAMARCA,Ricaurte,25612,599,RICAURTE,CUNDINAMARCA,Municipio,ok
CUNDINAMARCA,San Antonio del Tequendama,25645,417,SAN ANTONIO DEL TEQUENDAMA,CUNDINAMARCA,Municipio,ok
CUNDINAMARCA,San Bernardo,25649,209,SAN BERNARDO,CUNDINAMARCA,Municipio,ok
CUNDINAMARCA,San Cayetano,25653,82,SAN CAYETANO,CUNDINAMARCA,Municipio,ok
CUNDINAMARCA,San Francisco,25658,266,SAN FRANCISCO,CUNDINAMARCA,Municipio,ok
CUNDINAMARCA,San Juan de Río Seco,25662,382,SAN JUAN DE RIOSECO,CUNDINAMARCA,Municipio,grafia_distinta
CUNDINAMARCA,Sasaima,25718,319,SASAIMA,CUNDINAMARCA,Municipio,ok
CUNDINAMARCA,Sesquilé,25736,258,SESQUILE,CUNDINAMARCA,Municipio,ok
CUNDINAMARCA,Sibaté,25740,1602,SIBATE,CUNDINAMARCA,Municipio,ok
CUNDINAMARCA,Silvania,25743,938,SILVANIA,CUNDINAMARCA,Municipio,ok
CUNDINAMARCA,Simijaca,25745,385,SIMIJACA,CUNDINAMARCA,Municipio,ok
CUNDINAMARCA,Soacha,25754,20805,SOACHA,CUNDINAMARCA,Municipio,ok
CUNDINAMARCA,Sopó,25758,611,SOPO,CUNDINAMARCA,Municipio,ok
CUNDINAMARCA,Subachoque,25769,552,SUBACHOQUE,CUNDINAMARCA,Municipio,ok
CUNDINAMARCA,Suesca,25772,327,SUESCA,CUNDINAMARCA,Municipio,ok
CUNDINAMARCA,Supatá,25777,123,SUPATA,CUNDINAMARCA,Municipio,ok
CUNDINAMARCA,Susa,25779,212,SUSA,CUNDINAMARCA,Municipio,ok
CUNDINAMARCA,Sutatausa,25781,252,SUTATAUSA,CUNDINAMARCA,Municipio,ok
CUNDINAMARCA,Tabio,25785,462,TABIO,CUNDINAMARCA,Municipio,ok
CUNDINAMARCA,Tausa,25793,300,TAUSA,CUNDINAMARCA,Municipio,ok
CUNDINAMARCA,Tena,25797,430,TENA,CUNDINAMARCA,Municipio,ok
CUNDINAMARCA,Tenjo,25799,714,TENJO,CUNDINAMARCA,Municipio,ok
CUNDINAMARCA,Tibacuy,25805,180,TIBACUY,CUNDINAMARCA,Municipio,ok
CUNDINAMARCA,Tibirita,25807,75,TIBIRITA,CUNDINAMARCA,Municipio,ok
CUNDINAMARCA,Tocaima,25815,512,TOCAIMA,CUNDINAMARCA,Municipio,ok
CUNDINAMARCA,Tocancipá,25817,2608,TOCANCIPA,CUNDINAMARCA,Municipio,ok
CUNDINAMARCA,Topaipí,25823,109,TOPAIPI,CUNDINAMARCA,Municipio,ok
CUNDINAMARCA,Ubalá,25839,165,UBALA,CUNDINAMARCA,Municipio,ok
CUNDINAMARCA,Ubaque,25841,270,UBAQUE,CUNDINAMARCA,Municipio,ok
CUNDINAMARCA,Une,25845,238,UNE,CUNDINAMARCA,Municipio,ok
CUNDINAMARCA,Venecia,25506,146,VENECIA,CUNDINAMARCA,Municipio,ok
CUNDINAMARCA,Vergara,25862,151,VERGARA,CUNDINAMARCA,Municipio,ok
CUNDINAMARCA,Vianí,25867,119,VIANI,CUNDINAMARCA,Municipio,ok
CUNDINAMARCA,Villa de San Diego de Ubate,25843,2163,VILLA DE SAN DIEGO DE UBATE,CUNDINAMARCA,Municipio,ok
CUNDINAMARCA,Villagómez,25871,46,VILLAGOMEZ,CUNDINAMARCA,Municipio,ok
CUNDINAMARCA,Villapinzón,25873,570,VILLAPINZON,CUNDINAMARCA,Municipio,ok
CUNDINAMARCA,Villeta,25875,1320,VILLETA,CUNDINAMARCA,Municipio,ok
CUNDINAMARCA,Viotá,25878,301,VIOTA,CUNDINAMARCA,Municipio,ok
CUNDINAMARCA,Yacopí,25885,123,YACOPI,CUNDINAMARCA,Municipio,ok
CUNDINAMARCA,Zipacón,25898,202,ZIPACON,CUNDINAMARCA,Municipio,ok
CUNDINAMARCA,Zipaquirá,25899,5423,ZIPAQUIRA,CUNDINAMARCA,Municipio,ok
CUNDINAMARCA,Útica,25851,103,UTICA,CUNDINAMARCA,Municipio,ok
CÓRDOBA,Ayapel,23068,550,AYAPEL,CÓRDOBA,Municipio,ok
CÓRDOBA,Buenavista,23079,242,BUENAVISTA,CÓRDOBA,Municipio,ok
CÓRDOBA,Canalete,23090,131,CANALETE,CÓRDOBA,Municipio,ok
CÓRDOBA,Cereté,23162,2351,CERETE,CÓRDOBA,Municipio,ok
CÓRDOBA,Chimá,23168,200,CHIMA,CÓRDOBA,Municipio,ok
CÓRDOBA,Chinú,23182,1339,CHINU,CÓRDOBA,Municipio,ok
CÓRDOBA,Ciénaga de Oro,23189,800,CIENAGA DE ORO,CÓRDOBA,Municipio,ok
CÓRDOBA,Cotorra,23300,223,COTORRA,CÓRDOBA,Municipio,ok
CÓRDOBA,La Apartada,23350,319,LA APARTADA,CÓRDOBA,Municipio,ok
CÓRDOBA,Lorica,23417,2012,LORICA,CÓRDOBA,Municipio,ok
CÓRDOBA,Los Córdobas,23419,160,LOS CORDOBAS,CÓRDOBA,Municipio,ok
CÓRDOBA,Momil,23464,311,MOMIL,CÓRDOBA,Municipio,ok
CÓRDOBA,Montelíbano,23466,1668,MONTELIBANO,CÓRDOBA,Municipio,ok
CÓRDOBA,Montería (CT),23001,13239,MONTERIA,CÓRDOBA,Municipio,ok
CÓRDOBA,Moñitos,23500,220,MONITOS,CÓRDOBA,Municipio,ok
CÓRDOBA,Planeta Rica,23555,1653,PLANETA RICA,CÓRDOBA,Municipio,ok
CÓRDOBA,Pueblo Nuevo,23570,450,PUEBLO NUEVO,CÓRDOBA,Municipio,ok
CÓRDOBA,Puerto Escondido,23574,197,PUERTO ESCONDIDO,CÓRDOBA,Municipio,ok
CÓRDOBA,Puerto Libertador,23580,546,PUERTO LIBERTADOR,CÓRDOBA,Municipio,ok
CÓRDOBA,Purísima,23586,285,PURISIMA DE LA CONCEPCION,CÓRDOBA,Municipio,ok
CÓRDOBA,Sahagún,23660,2424,SAHAGUN,CÓRDOBA,Municipio,ok
CÓRDOBA,San Andrés Sotavento,23670,492,SAN ANDRES DE SOTAVENTO,CÓRDOBA,Municipio,ok
CÓRDOBA,San Antero,23672,506,SAN ANTERO,CÓRDOBA,Municipio,ok
CÓRDOBA,San Bernardo del Viento,23675,304,SAN BERNARDO DEL VIENTO,CÓRDOBA,Municipio,ok
CÓRDOBA,San Carlos,23678,315,SAN CARLOS,CÓRDOBA,Municipio,ok
CÓRDOBA,San José de Uré,23682,98,SAN JOSE DE URE,CÓRDOBA,Municipio,ok
CÓRDOBA,San Pelayo,23686,466,SAN PELAYO,CÓRDOBA,Municipio,ok
CÓRDOBA,Tierralta,23807,1399,TIERRALTA,CÓRDOBA,Municipio,ok
CÓRDOBA,Tuchín,23815,332,TUCHIN,CÓRDOBA,Municipio,ok
CÓRDOBA,Valencia,23855,223,VALENCIA,CÓRDOBA,Municipio,ok
GUAINÍA,Inírida (CT),94001,1459,INIRIDA,GUAINÍA,Municipio,ok
GUAINÍA,Inírida (CT),94883,1,SAN FELIPE,GUAINÍA,Área no municipalizada,anm_con_nombre_de_capital
GUAINÍA,Inírida (CT),94885,1,LA GUADALUPE,GUAINÍA,Área no municipalizada,anm_con_nombre_de_capital
GUAINÍA,Inírida (CT),94886,3,CACAHUAL,GUAINÍA,Área no municipalizada,anm_con_nombre_de_capital
GUAJIRA,Albania,44035,536,ALBANIA,LA GUAJIRA,Municipio,ok
GUAJIRA,Barrancas,44078,661,BARRANCAS,LA GUAJIRA,Municipio,ok
GUAJIRA,Dibulla,44090,579,DIBULLA,LA GUAJIRA,Municipio,ok
GUAJIRA,Distracción,44098,340,DISTRACCION,LA GUAJIRA,Municipio,ok
GUAJIRA,El Molino,44110,184,EL MOLINO,LA GUAJIRA,Municipio,ok
GUAJIRA,Fonseca,44279,1646,FONSECA,LA GUAJIRA,Municipio,ok
GUAJIRA,Hatonuevo,44378,339,HATONUEVO,LA GUAJIRA,Municipio,ok
GUAJIRA,La Jagua del Pilar,44420,145,LA JAGUA DEL PILAR,LA GUAJIRA,Municipio,ok
GUAJIRA,Maicao,44430,6961,MAICAO,LA GUAJIRA,Municipio,ok
GUAJIRA,Manaure,44560,609,MANAURE,LA GUAJIRA,Municipio,ok
GUAJIRA,Riohacha (CT),44001,9490,RIOHACHA,LA GUAJIRA,Municipio,ok
GUAJIRA,San Juan del Cesar,44650,1724,SAN JUAN DEL CESAR,LA GUAJIRA,Municipio,ok
GUAJIRA,Uribia,44847,841,URIBIA,LA GUAJIRA,Municipio,ok
GUAJIRA,Urumita,44855,178,URUMITA,LA GUAJIRA,Municipio,ok
GUAJIRA,Villanueva,44874,596,VILLANUEVA,LA GUAJIRA,Municipio,ok
GUAVIARE,Calamar,95015,238,CALAMAR,GUAVIARE,Municipio,ok
GUAVIARE,El Retorno,95025,310,EL RETORNO,GUAVIARE,Municipio,ok
GUAVIARE,Miraflores,95200,120,MIRAFLORES,GUAVIARE,Municipio,ok
GUAVIARE,San José del Guaviare (CT),95001,3400,SAN JOSE DEL GUAVIARE,GUAVIARE,Municipio,ok
HUILA,Acevedo,41006,1681,ACEVEDO,HUILA,Municipio,ok
HUILA,Agrado,41013,427,AGRADO,HUILA,Municipio,ok
HUILA,Aipe,41016,759,AIPE,HUILA,Municipio,ok
HUILA,Algeciras,41020,843,ALGECIRAS,HUILA,Municipio,ok
HUILA,Altamira,41026,251,ALTAMIRA,HUILA,Municipio,ok
HUILA,Baraya,41078,290,BARAYA,HUILA,Municipio,ok
HUILA,Campoalegre,41132,1976,CAMPOALEGRE,HUILA,Municipio,ok
HUILA,Colombia,41206,266,COLOMBIA,HUILA,Municipio,ok
HUILA,Elías,41244,150,ELIAS,HUILA,Municipio,ok
HUILA,Garzón,41298,3865,GARZON,HUILA,Municipio,ok
HUILA,Gigante,41306,1104,GIGANTE,HUILA,Municipio,ok
HUILA,Guadalupe,41319,449,GUADALUPE,HUILA,Municipio,ok
HUILA,Hobo,41349,439,HOBO,HUILA,Municipio,ok
HUILA,Iquira,41357,261,IQUIRA,HUILA,Municipio,ok
HUILA,Isnos,41359,1488,ISNOS,HUILA,Municipio,ok
HUILA,La Argentina,41378,423,LA ARGENTINA,HUILA,Municipio,ok
HUILA,La Plata,41396,3333,LA PLATA,HUILA,Municipio,ok
HUILA,Neiva (CT),41001,20985,NEIVA,HUILA,Municipio,ok
HUILA,Nátaga,41483,200,NATAGA,HUILA,Municipio,ok
HUILA,Oporapa,41503,389,OPORAPA,HUILA,Municipio,ok
HUILA,Paicol,41518,235,PAICOL,HUILA,Municipio,ok
HUILA,Palermo,41524,1175,PALERMO,HUILA,Municipio,ok
HUILA,Palestina,41530,486,PALESTINA,HUILA,Municipio,ok
HUILA,Pital,41548,607,PITAL,HUILA,Municipio,ok
HUILA,Pitalito,41551,11719,PITALITO,HUILA,Municipio,ok
HUILA,Rivera,41615,1438,RIVERA,HUILA,Municipio,ok
HUILA,Saladoblanco,41660,380,SALADOBLANCO,HUILA,Municipio,ok
HUILA,San Agustín,41668,1854,SAN AGUSTIN,HUILA,Municipio,ok
HUILA,Santa María,41676,227,SANTA MARIA,HUILA,Municipio,ok
HUILA,Suaza,41770,796,SUAZA,HUILA,Municipio,ok
HUILA,Tarqui,41791,382,TARQUI,HUILA,Municipio,ok
HUILA,Tello,41799,527,TELLO,HUILA,Municipio,ok
HUILA,Teruel,41801,309,TERUEL,HUILA,Municipio,ok
HUILA,Tesalia,41797,482,TESALIA,HUILA,Municipio,ok
HUILA,Timaná,41807,1130,TIMANA,HUILA,Municipio,ok
HUILA,Villavieja,41872,319,VILLAVIEJA,HUILA,Municipio,ok
HUILA,Yaguará,41885,485,YAGUARA,HUILA,Municipio,ok
MAGDALENA,Algarrobo,47030,294,ALGARROBO,MAGDALENA,Municipio,ok
MAGDALENA,Aracataca,47053,1158,ARACATACA,MAGDALENA,Municipio,ok
MAGDALENA,Ariguaní,47058,484,ARIGUANI,MAGDALENA,Municipio,ok
MAGDALENA,Cerro San Antonio,47161,100,CERRO DE SAN ANTONIO,MAGDALENA,Municipio,ok
MAGDALENA,Chivolo,47170,373,CHIVOLO,MAGDALENA,Municipio,ok
MAGDALENA,Ciénaga,47189,3669,CIENAGA,MAGDALENA,Municipio,ok
MAGDALENA,Concordia,47205,74,CONCORDIA,MAGDALENA,Municipio,ok
MAGDALENA,El Banco,47245,1672,EL BANCO,MAGDALENA,Municipio,ok
MAGDALENA,El Piñon,47258,185,EL PINON,MAGDALENA,Municipio,ok
MAGDALENA,El Retén,47268,368,EL RETEN,MAGDALENA,Municipio,ok
MAGDALENA,Fundación,47288,2085,FUNDACION,MAGDALENA,Municipio,ok
MAGDALENA,Guamal,47318,299,GUAMAL,MAGDALENA,Municipio,ok
MAGDALENA,Nueva Granada,47460,283,NUEVA GRANADA,MAGDALENA,Municipio,ok
MAGDALENA,Pedraza,47541,66,PEDRAZA,MAGDALENA,Municipio,ok
MAGDALENA,Pijiño del Carmen,47545,221,PIJINO DEL CARMEN,MAGDALENA,Municipio,ok
MAGDALENA,Pivijay,47551,814,PIVIJAY,MAGDALENA,Municipio,ok
MAGDALENA,Plato,47555,1415,PLATO,MAGDALENA,Municipio,ok
MAGDALENA,Puebloviejo,47570,362,PUEBLOVIEJO,MAGDALENA,Municipio,ok
MAGDALENA,Remolino,47605,45,REMOLINO,MAGDALENA,Municipio,ok
MAGDALENA,Sabanas de San Angel,47660,182,SABANAS DE SAN ANGEL,MAGDALENA,Municipio,ok
MAGDALENA,Salamina,47675,132,SALAMINA,MAGDALENA,Municipio,ok
MAGDALENA,San Sebastián de Buenavista,47692,201,SAN SEBASTIAN DE BUENAVISTA,MAGDALENA,Municipio,ok
MAGDALENA,San Zenón,47703,98,SAN ZENON,MAGDALENA,Municipio,ok
MAGDALENA,Santa Ana,47707,557,SANTA ANA,MAGDALENA,Municipio,ok
MAGDALENA,Santa Bárbara de Pinto,47720,144,SANTA BARBARA DE PINTO,MAGDALENA,Municipio,ok
MAGDALENA,Santa Marta (CT),47001,17718,SANTA MARTA,MAGDALENA,Municipio,ok
MAGDALENA,Sitionuevo,47745,339,SITIONUEVO,MAGDALENA,Municipio,ok
MAGDALENA,Tenerife,47798,151,TENERIFE,MAGDALENA,Municipio,ok
MAGDALENA,Zapayán,47960,27,ZAPAYAN,MAGDALENA,Municipio,ok
MAGDALENA,Zona Bananera,47980,1342,ZONA BANANERA,MAGDALENA,Municipio,ok
META,Acacías,50006,5515,ACACIAS,META,Municipio,ok
META,Barranca de Upía,50110,376,BARRANCA DE UPIA,META,Municipio,ok
META,Cabuyaro,50124,328,CABUYARO,META,Municipio,ok
META,Castilla la Nueva,50150,755,CASTILLA LA NUEVA,META,Municipio,ok
META,Cubarral,50223,292,CUBARRAL,META,Municipio,ok
META,Cumaral,50226,1097,CUMARAL,META,Municipio,ok
META,El Calvario,50245,48,EL CALVARIO,META,Municipio,ok
META,El Castillo,50251,268,EL CASTILLO,META,Municipio,ok
META,El Dorado,50270,172,EL DORADO,META,Municipio,ok
META,Fuente de Oro,50287,580,FUENTE DE ORO,META,Municipio,ok
META,Granada,50313,4064,GRANADA,META,Municipio,ok
META,Guamal,50318,796,GUAMAL,META,Municipio,ok
META,La Macarena,50350,539,LA MACARENA,META,Municipio,ok
META,Lejanías,50400,433,LEJANIAS,META,Municipio,ok
META,Mapiripán,50325,317,MAPIRIPAN,META,Municipio,ok
META,Mesetas,50330,464,MESETAS,META,Municipio,ok
META,Puerto Concordia,50450,358,PUERTO CONCORDIA,META,Municipio,ok
META,Puerto Gaitán,50568,1799,PUERTO GAITAN,META,Municipio,ok
META,Puerto Lleras,50577,532,PUERTO LLERAS,META,Municipio,ok
META,Puerto López,50573,1521,PUERTO LOPEZ,META,Municipio,ok
META,Puerto Rico,50590,441,PUERTO RICO,META,Municipio,ok
META,Restrepo,50606,956,RESTREPO,META,Municipio,ok
META,San Carlos de Guaroa,50680,600,SAN CARLOS DE GUAROA,META,Municipio,ok
META,San Juan de Arama,50683,433,SAN JUAN DE ARAMA,META,Municipio,ok
META,San Juanito,50686,41,SAN JUANITO,META,Municipio,ok
META,San Martín,50689,1519,SAN MARTIN,META,Municipio,ok
META,Uribe,50370,274,URIBE,META,Municipio,ok
META,Villavicencio (CT),50001,29621,VILLAVICENCIO,META,Municipio,ok
META,Vistahermosa,50711,679,VISTAHERMOSA,META,Municipio,ok
NARIÑO,,52000,10,,,,codigo_inexistente
NARIÑO,Albán,52019,187,ALBAN,NARIÑO,Municipio,ok
NARIÑO,Aldana,52022,225,ALDANA,NARIÑO,Municipio,ok
NARIÑO,Ancuyá,52036,162,ANCUYA,NARIÑO,Municipio,ok
NARIÑO,Arboleda,52051,152,ARBOLEDA,NARIÑO,Municipio,ok
NARIÑO,Barbacoas,52079,481,BARBACOAS,NARIÑO,Municipio,ok
NARIÑO,Belén,52083,111,BELEN,NARIÑO,Municipio,ok
NARIÑO,Buesaco,52110,603,BUESACO,NARIÑO,Municipio,ok
NARIÑO,Chachagüí,52240,506,CHACHAGUI,NARIÑO,Municipio,ok
NARIÑO,Colón,52203,85,COLON,NARIÑO,Municipio,ok
NARIÑO,Consaca,52207,234,CONSACA,NARIÑO,Municipio,ok
NARIÑO,Contadero,52210,158,CONTADERO,NARIÑO,Municipio,ok
NARIÑO,Cuaspud,52224,233,CUASPUD CARLOSAMA,NARIÑO,Municipio,ok
NARIÑO,Cumbal,52227,673,CUMBAL,NARIÑO,Municipio,ok
NARIÑO,Cumbitara,52233,133,CUMBITARA,NARIÑO,Municipio,ok
NARIÑO,Córdoba,52215,361,CORDOBA,NARIÑO,Municipio,ok
NARIÑO,El Charco,52250,178,EL CHARCO,NARIÑO,Municipio,ok
NARIÑO,El Peñol,52254,91,EL PENOL,NARIÑO,Municipio,ok
NARIÑO,El Rosario,52256,128,EL ROSARIO,NARIÑO,Municipio,ok
NARIÑO,El Tablón de Gómez,52258,201,EL TABLON DE GOMEZ,NARIÑO,Municipio,ok
NARIÑO,El Tambo,52260,363,EL TAMBO,NARIÑO,Municipio,ok
NARIÑO,Francisco Pizarro,52520,73,FRANCISCO PIZARRO,NARIÑO,Municipio,ok
NARIÑO,Funes,52287,68,FUNES,NARIÑO,Municipio,ok
NARIÑO,Guachucal,52317,483,GUACHUCAL,NARIÑO,Municipio,ok
NARIÑO,Guaitarilla,52320,206,GUAITARILLA,NARIÑO,Municipio,ok
NARIÑO,Gualmatán,52323,152,GUALMATAN,NARIÑO,Municipio,ok
NARIÑO,Iles,52352,152,ILES,NARIÑO,Municipio,ok
NARIÑO,Imués,52354,172,IMUES,NARIÑO,Municipio,ok
NARIÑO,Ipiales,52356,6967,IPIALES,NARIÑO,Municipio,ok
NARIÑO,La Cruz,52378,341,LA CRUZ,NARIÑO,Municipio,ok
NARIÑO,La Florida,52381,197,LA FLORIDA,NARIÑO,Municipio,ok
NARIÑO,La Llanada,52385,114,LA LLANADA,NARIÑO,Municipio,ok
NARIÑO,La Tola,52390,15,LA TOLA,NARIÑO,Municipio,ok
NARIÑO,La Unión,52399,1082,LA UNION,NARIÑO,Municipio,ok
NARIÑO,Leiva,52405,189,LEIVA,NARIÑO,Municipio,ok
NARIÑO,Linares,52411,125,LINARES,NARIÑO,Municipio,ok
NARIÑO,Los Andes,52418,173,LOS ANDES,NARIÑO,Municipio,ok
NARIÑO,Magüi,52427,81,MAGUI,NARIÑO,Municipio,ok
NARIÑO,Mallama,52435,176,MALLAMA,NARIÑO,Municipio,ok
NARIÑO,Mosquera,52473,30,MOSQUERA,NARIÑO,Municipio,ok
NARIÑO,Nariño,52480,98,NARINO,NARIÑO,Municipio,ok
NARIÑO,Olaya Herrera,52490,66,OLAYA HERRERA,NARIÑO,Municipio,ok
NARIÑO,Ospina,52506,89,OSPINA,NARIÑO,Municipio,ok
NARIÑO,Pasto (CT),52001,27423,PASTO,NARIÑO,Municipio,ok
NARIÑO,Policarpa,52540,374,POLICARPA,NARIÑO,Municipio,ok
NARIÑO,Potosí,52560,392,POTOSI,NARIÑO,Municipio,ok
NARIÑO,Providencia,52565,54,PROVIDENCIA,NARIÑO,Municipio,ok
NARIÑO,Puerres,52573,153,PUERRES,NARIÑO,Municipio,ok
NARIÑO,Pupiales,52585,499,PUPIALES,NARIÑO,Municipio,ok
NARIÑO,Ricaurte,52612,276,RICAURTE,NARIÑO,Municipio,ok
NARIÑO,Roberto Payán,52621,45,ROBERTO PAYAN,NARIÑO,Municipio,ok
NARIÑO,Samaniego,52678,552,SAMANIEGO,NARIÑO,Municipio,ok
NARIÑO,San Andres de Tumaco,52835,4793,SAN ANDRES DE TUMACO,NARIÑO,Municipio,ok
NARIÑO,San Bernardo,52685,108,SAN BERNARDO,NARIÑO,Municipio,ok
NARIÑO,San Lorenzo,52687,277,SAN LORENZO,NARIÑO,Municipio,ok
NARIÑO,San Pablo,52693,204,SAN PABLO,NARIÑO,Municipio,ok
NARIÑO,San Pedro de Cartago,52694,162,SAN PEDRO DE CARTAGO,NARIÑO,Municipio,ok
NARIÑO,Sandoná,52683,577,SANDONA,NARIÑO,Municipio,ok
NARIÑO,Santa Bárbara,52696,54,SANTA BARBARA,NARIÑO,Municipio,ok
NARIÑO,Santacruz,52699,155,SANTACRUZ,NARIÑO,Municipio,ok
NARIÑO,Sapuyes,52720,135,SAPUYES,NARIÑO,Municipio,ok
NARIÑO,Taminango,52786,353,TAMINANGO,NARIÑO,Municipio,ok
NARIÑO,Tangua,52788,285,TANGUA,NARIÑO,Municipio,ok
NARIÑO,Túquerres,52838,1345,TUQUERRES,NARIÑO,Municipio,ok
NARIÑO,Yacuanquer,52885,180,YACUANQUER,NARIÑO,Municipio,ok
NORTE DE SANTANDER,Abrego,54003,846,ABREGO,NORTE DE SANTANDER,Municipio,ok
NORTE DE SANTANDER,Arboledas,54051,94,ARBOLEDAS,NORTE DE SANTANDER,Municipio,ok
NORTE DE SANTANDER,Bochalema,54099,162,BOCHALEMA,NORTE DE SANTANDER,Municipio,ok
NORTE DE SANTANDER,Bucarasica,54109,101,BUCARASICA,NORTE DE SANTANDER,Municipio,ok
NORTE DE SANTANDER,Cachirá,54128,77,CACHIRA,NORTE DE SANTANDER,Municipio,ok
NORTE DE SANTANDER,Chinácota,54172,471,CHINACOTA,NORTE DE SANTANDER,Municipio,ok
NORTE DE SANTANDER,Chitagá,54174,199,CHITAGA,NORTE DE SANTANDER,Municipio,ok
NORTE DE SANTANDER,Convención,54206,346,CONVENCION,NORTE DE SANTANDER,Municipio,ok
NORTE DE SANTANDER,Cucutilla,54223,152,CUCUTILLA,NORTE DE SANTANDER,Municipio,ok
NORTE DE SANTANDER,Cácota,54125,74,CACOTA,NORTE DE SANTANDER,Municipio,ok
NORTE DE SANTANDER,Cúcuta (CT),54001,26874,SAN JOSE DE CUCUTA,NORTE DE SANTANDER,Municipio,ok
NORTE DE SANTANDER,Durania,54239,95,DURANIA,NORTE DE SANTANDER,Municipio,ok
NORTE DE SANTANDER,El Carmen,54245,233,EL CARMEN,NORTE DE SANTANDER,Municipio,ok
NORTE DE SANTANDER,El Tarra,54250,331,EL TARRA,NORTE DE SANTANDER,Municipio,ok
NORTE DE SANTANDER,El Zulia,54261,948,EL ZULIA,NORTE DE SANTANDER,Municipio,ok
NORTE DE SANTANDER,Gramalote,54313,55,GRAMALOTE,NORTE DE SANTANDER,Municipio,ok
NORTE DE SANTANDER,Hacarí,54344,94,HACARI,NORTE DE SANTANDER,Municipio,ok
NORTE DE SANTANDER,Herrán,54347,40,HERRAN,NORTE DE SANTANDER,Municipio,ok
NORTE DE SANTANDER,La Esperanza,54385,322,LA ESPERANZA,NORTE DE SANTANDER,Municipio,ok
NORTE DE SANTANDER,La Playa,54398,151,LA PLAYA,NORTE DE SANTANDER,Municipio,ok
NORTE DE SANTANDER,Labateca,54377,65,LABATECA,NORTE DE SANTANDER,Municipio,ok
NORTE DE SANTANDER,Los Patios,54405,2553,LOS PATIOS,NORTE DE SANTANDER,Municipio,ok
NORTE DE SANTANDER,Lourdes,54418,59,LOURDES,NORTE DE SANTANDER,Municipio,ok
NORTE DE SANTANDER,Mutiscua,54480,73,MUTISCUA,NORTE DE SANTANDER,Municipio,ok
NORTE DE SANTANDER,Ocaña,54498,6001,OCANA,NORTE DE SANTANDER,Municipio,ok
NORTE DE SANTANDER,Pamplona,54518,1341,PAMPLONA,NORTE DE SANTANDER,Municipio,ok
NORTE DE SANTANDER,Pamplonita,54520,95,PAMPLONITA,NORTE DE SANTANDER,Municipio,ok
NORTE DE SANTANDER,Puerto Santander,54553,239,PUERTO SANTANDER,NORTE DE SANTANDER,Municipio,ok
NORTE DE SANTANDER,Ragonvalia,54599,121,RAGONVALIA,NORTE DE SANTANDER,Municipio,ok
NORTE DE SANTANDER,Salazar,54660,176,SALAZAR,NORTE DE SANTANDER,Municipio,ok
NORTE DE SANTANDER,San Calixto,54670,65,SAN CALIXTO,NORTE DE SANTANDER,Municipio,ok
NORTE DE SANTANDER,San Cayetano,54673,223,SAN CAYETANO,NORTE DE SANTANDER,Municipio,ok
NORTE DE SANTANDER,Santiago,54680,90,SANTIAGO,NORTE DE SANTANDER,Municipio,ok
NORTE DE SANTANDER,Sardinata,54720,648,SARDINATA,NORTE DE SANTANDER,Municipio,ok
NORTE DE SANTANDER,Silos,54743,102,SILOS,NORTE DE SANTANDER,Municipio,ok
NORTE DE SANTANDER,Teorama,54800,221,TEORAMA,NORTE DE SANTANDER,Municipio,ok
NORTE DE SANTANDER,Tibú,54810,2217,TIBU,NORTE DE SANTANDER,Municipio,ok
NORTE DE SANTANDER,Toledo,54820,190,TOLEDO,NORTE DE SANTANDER,Municipio,ok
NORTE DE SANTANDER,Villa Caro,54871,64,VILLA CARO,NORTE DE SANTANDER,Municipio,ok
NORTE DE SANTANDER,Villa del Rosario,54874,2793,VILLA DEL ROSARIO,NORTE DE SANTANDER,Municipio,ok
PUTUMAYO,Colón,86219,218,COLON,PUTUMAYO,Municipio,ok
PUTUMAYO,Mocoa (CT),86001,3602,MOCOA,PUTUMAYO,Municipio,ok
PUTUMAYO,Orito,86320,974,ORITO,PUTUMAYO,Municipio,ok
PUTUMAYO,Puerto Asís,86568,3146,PUERTO ASIS,PUTUMAYO,Municipio,ok
PUTUMAYO,Puerto Caicedo,86569,286,PUERTO CAICEDO,PUTUMAYO,Municipio,ok
PUTUMAYO,Puerto Guzmán,86571,359,PUERTO GUZMAN,PUTUMAYO,Municipio,ok
PUTUMAYO,Puerto Leguízamo,86573,603,PUERTO LEGUIZAMO,PUTUMAYO,Municipio,ok
PUTUMAYO,San Francisco,86755,145,SAN FRANCISCO,PUTUMAYO,Municipio,ok
PUTUMAYO,San Miguel,86757,333,SAN MIGUEL,PUTUMAYO,Municipio,ok
PUTUMAYO,Santiago,86760,256,SANTIAGO,PUTUMAYO,Municipio,ok
PUTUMAYO,Sibundoy,86749,592,SIBUNDOY,PUTUMAYO,Municipio,ok
PUTUMAYO,Valle del Guamuez,86001,2,MOCOA,PUTUMAYO,Municipio,codigo_de_otro_municipio
PUTUMAYO,Valle del Guamuez,86865,1321,VALLE DEL GUAMUEZ,PUTUMAYO,Municipio,ok
PUTUMAYO,Villagarzón,86885,1113,VILLAGARZON,PUTUMAYO,Municipio,ok
QUINDÍO,Armenia (CT),63001,8809,ARMENIA,QUINDÍO,Municipio,ok
QUINDÍO,Buenavista,63111,91,BUENAVISTA,QUINDÍO,Municipio,ok
QUINDÍO,Calarca,63130,2530,CALARCA,QUINDÍO,Municipio,ok
QUINDÍO,Circasia,63190,708,CIRCASIA,QUINDÍO,Municipio,ok
QUINDÍO,Córdoba,63212,200,CORDOBA,QUINDÍO,Municipio,ok
QUINDÍO,Filandia,63272,378,FILANDIA,QUINDÍO,Municipio,ok
QUINDÍO,Génova,63302,338,GENOVA,QUINDÍO,Municipio,ok
QUINDÍO,La Tebaida,63401,1093,LA TEBAIDA,QUINDÍO,Municipio,ok
QUINDÍO,Montenegro,63470,1021,MONTENEGRO,QUINDÍO,Municipio,ok
QUINDÍO,Pijao,63548,219,PIJAO,QUINDÍO,Municipio,ok
QUINDÍO,Quimbaya,63594,1075,QUIMBAYA,QUINDÍO,Municipio,ok
QUINDÍO,Salento,63690,455,SALENTO,QUINDÍO,Municipio,ok
RISARALDA,Apía,66045,467,APIA,RISARALDA,Municipio,ok
RISARALDA,Balboa,66075,220,BALBOA,RISARALDA,Municipio,ok
RISARALDA,Belén de Umbría,66088,703,BELEN DE UMBRIA,RISARALDA,Municipio,ok
RISARALDA,Dosquebradas,66170,8471,DOSQUEBRADAS,RISARALDA,Municipio,ok
RISARALDA,Guática,66318,283,GUATICA,RISARALDA,Municipio,ok
RISARALDA,La Celia,66383,152,LA CELIA,RISARALDA,Municipio,ok
RISARALDA,La Virginia,66400,1424,LA VIRGINIA,RISARALDA,Municipio,ok
RISARALDA,Marsella,66440,511,MARSELLA,RISARALDA,Municipio,ok
RISARALDA,Mistrató,66456,220,MISTRATO,RISARALDA,Municipio,ok
RISARALDA,Pereira (CT),66001,20167,PEREIRA,RISARALDA,Municipio,ok
RISARALDA,Pueblo Rico,66572,271,PUEBLO RICO,RISARALDA,Municipio,ok
RISARALDA,Quinchía,66594,516,QUINCHIA,RISARALDA,Municipio,ok
RISARALDA,Santa Rosa de Cabal,66682,3263,SANTA ROSA DE CABAL,RISARALDA,Municipio,ok
RISARALDA,Santuario,66687,405,SANTUARIO,RISARALDA,Municipio,ok
SAN ANDRÉS,Providencia,88564,203,PROVIDENCIA,"ARCHIPIÉLAGO DE SAN ANDRÉS, PROVIDENCIA Y SANTA CATALINA",Municipio,ok
SAN ANDRÉS,San Andrés (CT),88001,3385,SAN ANDRES,"ARCHIPIÉLAGO DE SAN ANDRÉS, PROVIDENCIA Y SANTA CATALINA",Isla,ok
SANTANDER,Aguada,68013,43,AGUADA,SANTANDER,Municipio,ok
SANTANDER,Albania,68020,98,ALBANIA,SANTANDER,Municipio,ok
SANTANDER,Aratoca,68051,209,ARATOCA,SANTANDER,Municipio,ok
SANTANDER,Barbosa,68077,1756,BARBOSA,SANTANDER,Municipio,ok
SANTANDER,Barichara,68079,231,BARICHARA,SANTANDER,Municipio,ok
SANTANDER,Barrancabermeja,68081,14861,BARRANCABERMEJA,SANTANDER,Municipio,ok
SANTANDER,Betulia,68092,171,BETULIA,SANTANDER,Municipio,ok
SANTANDER,Bolívar,68101,200,BOLIVAR,SANTANDER,Municipio,ok
SANTANDER,Bucaramanga (CT),68001,27490,BUCARAMANGA,SANTANDER,Municipio,ok
SANTANDER,Cabrera,68121,64,CABRERA,SANTANDER,Municipio,ok
SANTANDER,California,68132,92,CALIFORNIA,SANTANDER,Municipio,ok
SANTANDER,Capitanejo,68147,136,CAPITANEJO,SANTANDER,Municipio,ok
SANTANDER,Carcasí,68152,65,CARCASI,SANTANDER,Municipio,ok
SANTANDER,Cepitá,68160,16,CEPITA,SANTANDER,Municipio,ok
SANTANDER,Cerrito,68162,146,CERRITO,SANTANDER,Municipio,ok
SANTANDER,Charalá,68167,343,CHARALA,SANTANDER,Municipio,ok
SANTANDER,Charta,68169,83,CHARTA,SANTANDER,Municipio,ok
SANTANDER,Chima,68176,108,CHIMA,SANTANDER,Municipio,ok
SANTANDER,Chipatá,68179,65,CHIPATA,SANTANDER,Municipio,ok
SANTANDER,Cimitarra,68190,1658,CIMITARRA,SANTANDER,Municipio,ok
SANTANDER,Concepción,68207,89,CONCEPCION,SANTANDER,Municipio,ok
SANTANDER,Confines,68209,130,CONFINES,SANTANDER,Municipio,ok
SANTANDER,Contratación,68211,150,CONTRATACION,SANTANDER,Municipio,ok
SANTANDER,Coromoro,68217,184,COROMORO,SANTANDER,Municipio,ok
SANTANDER,Curití,68229,323,CURITI,SANTANDER,Municipio,ok
SANTANDER,El Carmen de Chucurí,68235,543,EL CARMEN DE CHUCURI,SANTANDER,Municipio,ok
SANTANDER,El Guacamayo,68245,60,EL GUACAMAYO,SANTANDER,Municipio,ok
SANTANDER,El Peñón,68250,79,EL PENON,SANTANDER,Municipio,ok
SANTANDER,El Playón,68255,525,EL PLAYON,SANTANDER,Municipio,ok
SANTANDER,Encino,68264,56,ENCINO,SANTANDER,Municipio,ok
SANTANDER,Enciso,68266,71,ENCISO,SANTANDER,Municipio,ok
SANTANDER,Floridablanca,68276,12249,FLORIDABLANCA,SANTANDER,Municipio,ok
SANTANDER,Florián,68271,151,FLORIAN,SANTANDER,Municipio,ok
SANTANDER,Galán,68296,109,GALAN,SANTANDER,Municipio,ok
SANTANDER,Gambita,68298,210,GAMBITA,SANTANDER,Municipio,ok
SANTANDER,Girón,68307,9696,GIRON,SANTANDER,Municipio,ok
SANTANDER,Guaca,68318,117,GUACA,SANTANDER,Municipio,ok
SANTANDER,Guadalupe,68320,247,GUADALUPE,SANTANDER,Municipio,ok
SANTANDER,Guapotá,68322,90,GUAPOTA,SANTANDER,Municipio,ok
SANTANDER,Guavatá,68324,108,GUAVATA,SANTANDER,Municipio,ok
SANTANDER,Güepsa,68327,267,GUEPSA,SANTANDER,Municipio,ok
SANTANDER,Hato,68344,93,HATO,SANTANDER,Municipio,ok
SANTANDER,Jesús María,68368,88,JESUS MARIA,SANTANDER,Municipio,ok
SANTANDER,Jordán,68370,13,JORDAN,SANTANDER,Municipio,ok
SANTANDER,La Belleza,68377,141,LA BELLEZA,SANTANDER,Municipio,ok
SANTANDER,La Paz,68397,111,LA PAZ,SANTANDER,Municipio,ok
SANTANDER,Landázuri,68385,387,LANDAZURI,SANTANDER,Municipio,ok
SANTANDER,Lebrija,68406,1597,LEBRIJA,SANTANDER,Municipio,ok
SANTANDER,Los Santos,68418,270,LOS SANTOS,SANTANDER,Municipio,ok
SANTANDER,Macaravita,68425,40,MACARAVITA,SANTANDER,Municipio,ok
SANTANDER,Matanza,68444,153,MATANZA,SANTANDER,Municipio,ok
SANTANDER,Mogotes,68464,385,MOGOTES,SANTANDER,Municipio,ok
SANTANDER,Molagavita,68468,53,MOLAGAVITA,SANTANDER,Municipio,ok
SANTANDER,Málaga,68432,581,MALAGA,SANTANDER,Municipio,ok
SANTANDER,Ocamonte,68498,193,OCAMONTE,SANTANDER,Municipio,ok
SANTANDER,Oiba,68500,431,OIBA,SANTANDER,Municipio,ok
SANTANDER,Onzaga,68502,140,ONZAGA,SANTANDER,Municipio,ok
SANTANDER,Palmar,68522,47,PALMAR,SANTANDER,Municipio,ok
SANTANDER,Palmas del Socorro,68524,116,PALMAS DEL SOCORRO,SANTANDER,Municipio,ok
SANTANDER,Piedecuesta,68547,7271,PIEDECUESTA,SANTANDER,Municipio,ok
SANTANDER,Pinchote,68549,137,PINCHOTE,SANTANDER,Municipio,ok
SANTANDER,Puente Nacional,68572,519,PUENTE NACIONAL,SANTANDER,Municipio,ok
SANTANDER,Puerto Parra,68573,427,PUERTO PARRA,SANTANDER,Municipio,ok
SANTANDER,Puerto Wilches,68575,1313,PUERTO WILCHES,SANTANDER,Municipio,ok
SANTANDER,Páramo,68533,89,PARAMO,SANTANDER,Municipio,ok
SANTANDER,Rionegro,68615,862,RIONEGRO,SANTANDER,Municipio,ok
SANTANDER,Sabana de Torres,68655,1789,SABANA DE TORRES,SANTANDER,Municipio,ok
SANTANDER,San Andrés,68669,171,SAN ANDRES,SANTANDER,Municipio,ok
SANTANDER,San Benito,68673,44,SAN BENITO,SANTANDER,Municipio,ok
SANTANDER,San Gil,68679,2418,SAN GIL,SANTANDER,Municipio,ok
SANTANDER,San Joaquín,68682,71,SAN JOAQUIN,SANTANDER,Municipio,ok
SANTANDER,San José de Miranda,68684,115,SAN JOSE DE MIRANDA,SANTANDER,Municipio,ok
SANTANDER,San Miguel,68686,36,SAN MIGUEL,SANTANDER,Municipio,ok
SANTANDER,San Vicente de Chucurí,68689,1134,SAN VICENTE DE CHUCURI,SANTANDER,Municipio,ok
SANTANDER,Santa Bárbara,68705,48,SANTA BARBARA,SANTANDER,Municipio,ok
SANTANDER,Santa Helena del Opón,68720,105,SANTA HELENA DEL OPON,SANTANDER,Municipio,ok
SANTANDER,Simacota,68745,320,SIMACOTA,SANTANDER,Municipio,ok
SANTANDER,Socorro,68755,1352,SOCORRO,SANTANDER,Municipio,ok
SANTANDER,Suaita,68770,371,SUAITA,SANTANDER,Municipio,ok
SANTANDER,Sucre,68773,115,SUCRE,SANTANDER,Municipio,ok
SANTANDER,Suratá,68780,116,SURATA,SANTANDER,Municipio,ok
SANTANDER,Tona,68820,186,TONA,SANTANDER,Municipio,ok
SANTANDER,Valle de San José,68855,235,VALLE DE SAN JOSE,SANTANDER,Municipio,ok
SANTANDER,Vetas,68867,60,VETAS,SANTANDER,Municipio,ok
SANTANDER,Villanueva,68872,197,VILLANUEVA,SANTANDER,Municipio,ok
SANTANDER,Vélez,68861,693,VELEZ,SANTANDER,Municipio,ok
SANTANDER,Zapatoca,68895,212,ZAPATOCA,SANTANDER,Municipio,ok
SUCRE,Buenavista,70110,192,BUENAVISTA,SUCRE,Municipio,ok
SUCRE,Caimito,70124,167,CAIMITO,SUCRE,Municipio,ok
SUCRE,Chalán,70230,57,CHALAN,SUCRE,Municipio,ok
SUCRE,Coloso,70204,207,COLOSO,SUCRE,Municipio,ok
SUCRE,Corozal,70215,2828,COROZAL,SUCRE,Municipio,ok
SUCRE,Coveñas,70221,621,COVENAS,SUCRE,Municipio,ok
SUCRE,El Roble,70233,181,EL ROBLE,SUCRE,Municipio,ok
SUCRE,Galeras,70235,293,GALERAS,SUCRE,Municipio,ok
SUCRE,Guaranda,70265,172,GUARANDA,SUCRE,Municipio,ok
SUCRE,La Unión,70400,209,LA UNION,SUCRE,Municipio,ok
SUCRE,Los Palmitos,70418,543,LOS PALMITOS,SUCRE,Municipio,ok
SUCRE,Majagual,70429,400,MAJAGUAL,SUCRE,Municipio,ok
SUCRE,Morroa,70473,572,MORROA,SUCRE,Municipio,ok
SUCRE,Ovejas,70508,552,OVEJAS,SUCRE,Municipio,ok
SUCRE,Palmito,70523,301,PALMITO,SUCRE,Municipio,ok
SUCRE,Sampués,70670,1649,SAMPUES,SUCRE,Municipio,ok
SUCRE,San Benito Abad,70678,412,SAN BENITO ABAD,SUCRE,Municipio,ok
SUCRE,San Juan de Betulia,70702,363,SAN JUAN DE BETULIA,SUCRE,Municipio,ok
SUCRE,San Luis de Sincé,70742,916,SAN LUIS DE SINCE,SUCRE,Municipio,ok
SUCRE,San Marcos,70708,1482,SAN MARCOS,SUCRE,Municipio,ok
SUCRE,San Onofre,70713,1048,SAN ONOFRE,SUCRE,Municipio,ok
SUCRE,San Pedro,70717,476,SAN PEDRO,SUCRE,Municipio,ok
SUCRE,Santiago de Tolú,70820,1427,SANTIAGO DE TOLU,SUCRE,Municipio,ok
SUCRE,Sincelejo (CT),70001,12654,SINCELEJO,SUCRE,Municipio,ok
SUCRE,Sucre,70771,325,SUCRE,SUCRE,Municipio,ok
SUCRE,Tolú Viejo,70823,579,SAN JOSE DE TOLUVIEJO,SUCRE,Municipio,grafia_distinta
TOLIMA,Alpujarra,73024,215,ALPUJARRA,TOLIMA,Municipio,ok
TOLIMA,Alvarado,73026,488,ALVARADO,TOLIMA,Municipio,ok
TOLIMA,Ambalema,73030,269,AMBALEMA,TOLIMA,Municipio,ok
TOLIMA,Anzoátegui,73043,288,ANZOATEGUI,TOLIMA,Municipio,ok
TOLIMA,Armero,73055,668,ARMERO,TOLIMA,Municipio,ok
TOLIMA,Ataco,73067,558,ATACO,TOLIMA,Municipio,ok
TOLIMA,Cajamarca,73124,864,CAJAMARCA,TOLIMA,Municipio,ok
TOLIMA,Carmen de Apicalá,73148,577,CARMEN DE APICALA,TOLIMA,Municipio,ok
TOLIMA,Casabianca,73152,131,CASABIANCA,TOLIMA,Municipio,ok
TOLIMA,Chaparral,73168,2824,CHAPARRAL,TOLIMA,Municipio,ok
TOLIMA,Coello,73200,398,COELLO,TOLIMA,Municipio,ok
TOLIMA,Coyaima,73217,947,COYAIMA,TOLIMA,Municipio,ok
TOLIMA,Cunday,73226,302,CUNDAY,TOLIMA,Municipio,ok
TOLIMA,Dolores,73236,230,DOLORES,TOLIMA,Municipio,ok
TOLIMA,Espinal,73268,4242,ESPINAL,TOLIMA,Municipio,ok
TOLIMA,Falan,73270,247,FALAN,TOLIMA,Municipio,ok
TOLIMA,Flandes,73275,1212,FLANDES,TOLIMA,Municipio,ok
TOLIMA,Fresno,73283,723,FRESNO,TOLIMA,Municipio,ok
TOLIMA,Guamo,73319,1687,GUAMO,TOLIMA,Municipio,ok
TOLIMA,Herveo,73347,172,HERVEO,TOLIMA,Municipio,ok
TOLIMA,Honda,73349,1182,HONDA,TOLIMA,Municipio,ok
TOLIMA,Ibagué (CT),73001,22351,IBAGUE,TOLIMA,Municipio,ok
TOLIMA,Icononzo,73352,496,ICONONZO,TOLIMA,Municipio,ok
TOLIMA,Lérida,73408,795,LERIDA,TOLIMA,Municipio,ok
TOLIMA,Líbano,73411,1400,LIBANO,TOLIMA,Municipio,ok
TOLIMA,Mariquita,73443,1954,SAN SEBASTIAN DE MARIQUITA,TOLIMA,Municipio,ok
TOLIMA,Melgar,73449,1142,MELGAR,TOLIMA,Municipio,ok
TOLIMA,Murillo,73461,196,MURILLO,TOLIMA,Municipio,ok
TOLIMA,Natagaima,73483,552,NATAGAIMA,TOLIMA,Municipio,ok
TOLIMA,Ortega,73504,1138,ORTEGA,TOLIMA,Municipio,ok
TOLIMA,Palocabildo,73520,240,PALOCABILDO,TOLIMA,Municipio,ok
TOLIMA,Piedras,73547,252,PIEDRAS,TOLIMA,Municipio,ok
TOLIMA,Planadas,73555,790,PLANADAS,TOLIMA,Municipio,ok
TOLIMA,Prado,73563,218,PRADO,TOLIMA,Municipio,ok
TOLIMA,Purificación,73585,958,PURIFICACION,TOLIMA,Municipio,ok
TOLIMA,Rioblanco,73616,481,RIOBLANCO,TOLIMA,Municipio,ok
TOLIMA,Roncesvalles,73622,180,RONCESVALLES,TOLIMA,Municipio,ok
TOLIMA,Rovira,73624,1065,ROVIRA,TOLIMA,Municipio,ok
TOLIMA,Saldaña,73671,768,SALDANA,TOLIMA,Municipio,ok
TOLIMA,San Antonio,73675,461,SAN ANTONIO,TOLIMA,Municipio,ok
TOLIMA,San Luis,73678,398,SAN LUIS,TOLIMA,Municipio,ok
TOLIMA,Santa Isabel,73686,139,SANTA ISABEL,TOLIMA,Municipio,ok
TOLIMA,Suárez,73770,217,SUAREZ,TOLIMA,Municipio,ok
TOLIMA,Valle de San Juan,73854,157,VALLE DE SAN JUAN,TOLIMA,Municipio,ok
TOLIMA,Venadillo,73861,431,VENADILLO,TOLIMA,Municipio,ok
TOLIMA,Villahermosa,73870,182,VILLAHERMOSA,TOLIMA,Municipio,ok
TOLIMA,Villarrica,73873,145,VILLARRICA,TOLIMA,Municipio,ok
VALLE,Alcalá,76020,590,ALCALA,VALLE DEL CAUCA,Municipio,ok
VALLE,Andalucía,76036,863,ANDALUCIA,VALLE DEL CAUCA,Municipio,ok
VALLE,Ansermanuevo,76041,494,ANSERMANUEVO,VALLE DEL CAUCA,Municipio,ok
VALLE,Argelia,76054,124,ARGELIA,VALLE DEL CAUCA,Municipio,ok
VALLE,Bolívar,76100,475,BOLIVAR,VALLE DEL CAUCA,Municipio,ok
VALLE,Buenaventura,76109,6743,BUENAVENTURA,VALLE DEL CAUCA,Municipio,ok
VALLE,Bugalagrande,76113,959,BUGALAGRANDE,VALLE DEL CAUCA,Municipio,ok
VALLE,Caicedonia,76122,1111,CAICEDONIA,VALLE DEL CAUCA,Municipio,ok
VALLE,Cali (CT),76001,118637,SANTIAGO DE CALI,VALLE DEL CAUCA,Municipio,ok
VALLE,Calima,76126,777,CALIMA,VALLE DEL CAUCA,Municipio,ok
VALLE,Candelaria,25769,7,SUBACHOQUE,CUNDINAMARCA,Municipio,codigo_de_otro_municipio
VALLE,Candelaria,76130,5413,CANDELARIA,VALLE DEL CAUCA,Municipio,ok
VALLE,Cartago,76147,5171,CARTAGO,VALLE DEL CAUCA,Municipio,ok
VALLE,Dagua,76233,1801,DAGUA,VALLE DEL CAUCA,Municipio,ok
VALLE,El Cairo,76246,197,EL CAIRO,VALLE DEL CAUCA,Municipio,ok
VALLE,El Cerrito,76248,2382,EL CERRITO,VALLE DEL CAUCA,Municipio,ok
VALLE,El Dovio,76250,280,EL DOVIO,VALLE DEL CAUCA,Municipio,ok
VALLE,El Águila,76243,142,EL AGUILA,VALLE DEL CAUCA,Municipio,ok
VALLE,Florida,76275,2613,FLORIDA,VALLE DEL CAUCA,Municipio,ok
VALLE,Ginebra,76306,854,GINEBRA,VALLE DEL CAUCA,Municipio,ok
VALLE,Guacarí,76318,1514,GUACARI,VALLE DEL CAUCA,Municipio,ok
VALLE,Guadalajara de Buga,76111,7367,GUADALAJARA DE BUGA,VALLE DEL CAUCA,Municipio,ok
VALLE,Jamundí,25754,1,SOACHA,CUNDINAMARCA,Municipio,codigo_de_otro_municipio
VALLE,Jamundí,76364,6608,JAMUNDI,VALLE DEL CAUCA,Municipio,ok
VALLE,La Cumbre,76377,683,LA CUMBRE,VALLE DEL CAUCA,Municipio,ok
VALLE,La Unión,76400,1260,LA UNION,VALLE DEL CAUCA,Municipio,ok
VALLE,La Victoria,76403,472,LA VICTORIA,VALLE DEL CAUCA,Municipio,ok
VALLE,Obando,76497,321,OBANDO,VALLE DEL CAUCA,Municipio,ok
VALLE,Palmira,76520,14406,PALMIRA,VALLE DEL CAUCA,Municipio,ok
VALLE,Pradera,76563,2053,PRADERA,VALLE DEL CAUCA,Municipio,ok
VALLE,Restrepo,76606,740,RESTREPO,VALLE DEL CAUCA,Municipio,ok
VALLE,Riofrío,76616,706,RIOFRIO,VALLE DEL CAUCA,Municipio,ok
VALLE,Roldanillo,76622,1641,ROLDANILLO,VALLE DEL CAUCA,Municipio,ok
VALLE,San Pedro,76670,828,SAN PEDRO,VALLE DEL CAUCA,Municipio,ok
VALLE,Sevilla,76736,1656,SEVILLA,VALLE DEL CAUCA,Municipio,ok
VALLE,Toro,76823,316,TORO,VALLE DEL CAUCA,Municipio,ok
VALLE,Trujillo,76828,675,TRUJILLO,VALLE DEL CAUCA,Municipio,ok
VALLE,Tuluá,76834,9218,TULUA,VALLE DEL CAUCA,Municipio,ok
VALLE,Ulloa,76845,148,ULLOA,VALLE DEL CAUCA,Municipio,ok
VALLE,Versalles,76863,205,VERSALLES,VALLE DEL CAUCA,Municipio,ok
VALLE,Vijes,76869,445,VIJES,VALLE DEL CAUCA,Municipio,ok
VALLE,Yotoco,76890,825,YOTOCO,VALLE DEL CAUCA,Municipio,ok
VALLE,Yumbo,76892,6577,YUMBO,VALLE DEL CAUCA,Municipio,ok
VALLE,Zarzal,76895,1927,ZARZAL,VALLE DEL CAUCA,Municipio,ok
VAUPÉS,Caruru,97161,90,CARURU,VAUPÉS,Municipio,ok
VAUPÉS,Mitú (CT),97001,1067,MITU,VAUPÉS,Municipio,ok
VAUPÉS,Mitú (CT),97511,2,PACOA,VAUPÉS,Área no municipalizada,anm_con_nombre_de_capital
VAUPÉS,Taraira,97666,67,TARAIRA,VAUPÉS,Municipio,ok
VICHADA,Cumaribo,99773,276,CUMARIBO,VICHADA,Municipio,ok
VICHADA,La Primavera,99524,258,LA PRIMAVERA,VICHADA,Municipio,ok
VICHADA,Puerto Carreño (CT),99001,1152,PUERTO CARRENO,VICHADA,Municipio,ok
VICHADA,Santa Rosalía,99624,155,SANTA ROSALIA,VICHADA,Municipio,ok
